user_id,Recency,Frequency,Monetary,R_rank,F_rank,M_rank,RFM_Score,Customer_Segment
AE242TR3GQ6TYC6W4SJ5UYYKBTYQ,766,1,999.0,294.0,668.5,602.0,1564.5,Medium
AE2E632GMYL5U2ESNXOX5UT5D34A,513,1,299.0,123.5,668.5,913.5,1705.5,High
AE2JTMRKTUOIVIZWS2WDGTMNTU4Q,1766,2,4498.0,894.0,162.0,221.0,1277.0,Medium
AE2ODWBBOBD2SITDDIEJ644OSRFQ,1569,2,358.0,799.0,162.0,864.0,1825.0,High
AE2PQX6JEE6UW7QB6SNEYP3TAXLQ,1488,1,1519.0,766.0,668.5,467.5,1902.0,High
AE2PYPC3OF2HEF4NCE63FBFFFOMQ,1934,1,19999.0,989.0,668.5,57.0,1714.5,High
AE2SWHFUXPXFJLITBNYV5YGTI5LQ,1229,1,899.0,632.0,668.5,634.0,1934.5,High
AE2THTCCQLBIUSWPF4CPXC6GGP7Q,551,2,24598.0,154.0,162.0,42.0,358.0,Low
AE2VXY4CFO36MDSIMPG43XHNF4GA,793,3,14699.0,309.0,57.0,87.0,453.0,Low
AE2YKXGI2XFOVDHNL6FF2RQAZ55A,1017,1,2249.0,481.0,668.5,362.5,1512.0,Medium
AE37UHWDVGTD3RZUERS6DMZ73QIA,847,1,5890.0,344.5,668.5,197.0,1210.0,Low
AE3CFONNMANNC5QPYIAXV67EUYUQ,1056,2,2068.0,518.0,162.0,382.0,1062.0,Low
AE3D5CJ2GDUP5SQ3AAYMVAGDTX7A,1568,3,12347.0,798.0,57.0,113.0,968.0,Low
AE3EGIT22MVVMLV2BZBQAURWSF2Q,1841,1,293.0,937.0,668.5,926.5,2532.0,VIP
AE3GIVX24R4R67DU2MXLX24XYCIQ,1116,1,599.0,557.0,668.5,738.5,1964.0,High
AE3GY55N5USCMWLS2JIO7CZFS5FQ,2081,1,341.0,1056.5,668.5,886.0,2611.0,VIP
AE3MQNNHHLUHXURL5S7IAR7JTGNQ,808,1,32999.0,320.0,668.5,22.0,1010.5,Low
AE3O6366WGEQAANKJ76QETTUQQTQ,720,3,30597.0,267.0,57.0,30.0,354.0,Low
AE3Q6KSUK5P75D5HFYHCRAOLODSA,1767,1,389.0,895.0,668.5,849.0,2412.5,VIP
AE43KS43Y6L62UBGG6K64AD5OISA,601,1,1989.0,184.5,668.5,400.0,1253.0,Low
AE43YOKQNGCH4SSBHBYFXDSPX6YA,1385,1,246.0,710.0,668.5,965.0,2343.5,VIP
AE442FMTBZA5GS5MDBKIB76GQDXQ,2155,1,1439.0,1094.0,668.5,498.5,2261.0,VIP
AE47XF2766XJOEOI42DVP2HMB4YQ,392,1,1499.0,33.5,668.5,477.0,1179.0,Low
AE4G376L73UNPWICYOSYO2KNXYJA,1634,1,99.0,833.0,668.5,1082.0,2583.5,VIP
AE4KODYP3MGRZS2JI6V7ZWVI5CHA,1784,1,1709.0,907.0,668.5,437.0,2012.5,High
AE4VKQV43AJEZDWE4WVJWFDY6RVA,573,1,1324.0,169.5,668.5,526.0,1364.0,Medium
AE4W5ONOAXFJGV2L3AE72XWKSUKA,2003,1,678.0,1023.0,668.5,704.5,2396.0,VIP
AE4YGDAAZX7ZDDGP4BTONW72CMIA,358,1,7499.0,2.5,668.5,165.5,836.5,Low
AE4YTBWL7JODU6DEWIW2PTUQ5XPQ,520,1,2999.0,128.5,668.5,288.0,1085.0,Low
AE5333EQIF5YVB2LAEVCWPH2U5DQ,1951,1,259.0,995.0,668.5,947.5,2611.0,VIP
AE53NI5ENHBJCJOCII2GH6FLUOUA,2001,1,1799.0,1021.5,668.5,424.5,2114.5,VIP
AE55KTFVNXYFD5FPYWP2OUPEYNPQ,813,5,8415.0,324.0,8.5,154.0,486.5,Low
AE55WJERHR4C7SEAIWX4JJHFSZBA,566,2,31498.0,162.5,162.0,25.0,349.5,Low
AE5KLF5JEOL4PMUGKERILYLPDSNA,722,1,2499.0,268.5,668.5,335.5,1272.5,Medium
AE5S2QIJPXDUQT54XGJVGPQJOTSA,1985,1,649.0,1015.0,668.5,716.0,2399.5,VIP
AE5VS52EYPPGCA6BVWXK2NT6NFBA,1405,1,9799.0,721.0,668.5,130.0,1519.5,Medium
AE642RIGZIT2VPQJOLNUZ34QVWJQ,590,1,399.0,178.5,668.5,831.5,1678.5,Medium
AE6T7WGZSJSYC6C44JF6AJLJDOCA,609,2,2635.0,190.0,162.0,320.0,672.0,Low
AE6THY5M7QTHCQRZ6PIUENS3NY4A,2065,1,749.0,1048.0,668.5,680.0,2396.5,VIP
AE7BNHD6PZQQD7K3OKFEPFHTISSA,471,1,333.0,82.5,668.5,892.0,1643.0,Medium
AE7GD3VRRYQEAHDR7FXJIR23INYA,365,3,22761.0,8.0,57.0,47.0,112.0,Low
AE7GGDNBOHD2JQ2X5JPD666SAQOQ,1853,1,349.0,943.0,668.5,877.0,2488.5,VIP
AE7O44O3ZCU6YCS56X4UBNSMN2DA,1911,1,13990.0,974.0,668.5,97.0,1739.5,High
AE7OMK3IQJR2U2JZE2HQ4BKSPA6A,911,3,10488.0,396.0,57.0,124.0,577.0,Low
AE7QAFZ3XNWF3O4BK4WIGFB3JGIQ,450,1,399.0,71.0,668.5,831.5,1571.0,Medium
AE7VL5JTR7ZZ67UPBM6KP2NYEOYQ,475,1,199.0,89.0,668.5,1007.0,1764.5,High
AEA2HQHMFG3ZGJFOLLJQ65WKIZUQ,1652,3,35497.0,840.0,57.0,16.0,913.0,Low
AEA4764BEJKLL5UEYQ75K6TRRD3A,1432,1,4499.0,739.0,668.5,219.5,1627.0,Medium
AEA5X2W76STDCKVMFZ2WP7H7QFUA,370,1,199.0,12.5,668.5,1007.0,1688.0,Medium
AEA6472BE7C24EQJU3GKJNILU27A,1675,1,120.0,848.0,668.5,1069.5,2586.0,VIP
AEACBJY3IOIQP26VSSYJH4IGFDXQ,378,1,1601.0,20.0,668.5,455.0,1143.5,Low
AEAJEELFQNAUNC3VXCKYR6RQPCJQ,421,1,1199.0,52.0,668.5,558.0,1278.5,Medium
AEAKVP53B3LBTLJOVAQZUWEF6PYQ,1942,1,3249.0,992.0,668.5,269.0,1929.5,High
AEAMIR3CMSA32IDEINSJKHRNANTA,468,5,1392.0,81.0,8.5,515.0,604.5,Low
AEAOO4M764H7IQUU3CTHRMQBB4SQ,1114,2,838.0,556.0,162.0,649.0,1367.0,Medium
AEATXOF4DX2VJQQBD2OLGA6WD2NA,983,1,2199.0,452.0,668.5,369.0,1489.5,Medium
AEB5LUPJLVMRBV2DQYWOLGIC2OXQ,1918,1,2575.0,979.0,668.5,330.0,1977.5,High
AEBEUDL2VRUKJQ3R52K2SQR5JHJQ,579,1,4449.0,172.0,668.5,224.0,1064.5,Low
AEBHZQJ4R2TZ57GOCSTMIP53F4JQ,728,1,2998.0,274.0,668.5,291.5,1234.0,Low
AEBMIYML42WN2LWWZ4VIYP6IYPJA,373,1,1399.0,15.5,668.5,507.5,1191.5,Low
AEBO7NWCNXKT4AESAN443HQH35FQ,590,3,2249.0,178.5,57.0,362.5,598.0,Low
AEBWA5I4QFCA3P3OBEPMELBGN4GQ,925,5,14465.0,402.5,8.5,89.0,500.0,Low
AEC4ANXPPWN4RV5YG4JXEVPUXTHA,1272,1,179.0,656.5,668.5,1032.5,2357.5,VIP
AEC5BUE7IZ7BJDWQBTHSZ5NTBMRA,547,1,6199.0,150.0,668.5,189.0,1007.5,Low
AEC5PUIW4OSIDDQED7WLXG2S7TOQ,1474,1,154.0,759.5,668.5,1046.5,2474.5,VIP
AECB6RAIS3NCSRCNMUWNZAQARNMA,1019,1,1299.0,483.5,668.5,533.0,1685.0,Medium
AECCRE6ZTCPFGPVWDNY3IYYHCMOQ,1792,2,13748.0,911.0,162.0,98.0,1171.0,Low
AECGAMNNIMW5QOPOBXRYQAKMQGEA,932,1,18999.0,407.5,668.5,61.5,1137.5,Low
AECJGIPE6J5ODC5P7L6WXI4XBNYQ,1384,1,2799.0,708.5,668.5,303.0,1680.0,Medium
AECPFYFQVRUWC3KGNLJIOREFP5LQ,953,3,27747.0,428.0,57.0,37.0,522.0,Low
AECPQWPXGTZOXEYOPZXTZQ5ZG23Q,1003,1,5499.0,468.5,668.5,204.5,1341.5,Medium
AECUDCUUNINQYLQOYTKNXGMYWIDQ,1018,1,4995.0,482.0,668.5,213.0,1363.5,Medium
AECZ4IP3TBM4EUG52BZAOQV3EKIA,1205,2,1168.0,619.5,162.0,570.0,1351.5,Medium
AED3V5KQXHYOPY3IL2CUQITIZFHQ,812,1,899.0,322.5,668.5,634.0,1625.0,Medium
AED54H4JXQGZT6GANH6PJN4SNU7Q,1532,1,349.0,782.0,668.5,877.0,2327.5,VIP
AEDLLY6JXNCVYIW227SBCPVYHNUA,1584,2,3067.0,808.0,162.0,284.0,1254.0,Low
AEDLXBJM6UISEM4SXR6YUIY4KNCQ,1160,1,1999.0,593.0,668.5,390.0,1651.5,Medium
AEDMOT4JJAD7UCEFLEA76Y526CGQ,958,1,1969.0,430.0,668.5,402.0,1500.5,Medium
AEDPXMYWKEF2FFU4P7JUPNRVWU3A,1347,1,999.0,693.0,668.5,602.0,1963.5,High
AEE6KWTJSN7EKGJ2TWFZCA6EGWJA,1062,1,348.0,523.0,668.5,884.0,2075.5,VIP
AEEDBX6NJS6TW3AY6TG3DUN4TI5A,1580,1,2089.0,805.5,668.5,379.0,1853.0,High
AEEETBDP73H6344UQ5FJSUBNR63A,1916,1,250.0,976.5,668.5,951.0,2596.0,VIP
AEEFM3W6RGC2KDYG5B6N7VQXR4QA,692,1,799.0,249.5,668.5,659.0,1577.0,Medium
AEERA3TDMJGDMFA2NSPWSU5DUYNA,1953,1,2590.0,996.0,668.5,329.0,1993.5,High
AEETOHX32FYDRI6SIAW7L76Q2NHQ,876,2,1398.0,365.5,162.0,513.5,1041.0,Low
AEEV73PQDYYMSQSW46LQMZ526YVQ,1073,1,1999.0,532.0,668.5,390.0,1590.5,Medium
AEEXKG5AG3K2ZV5EDWTS44RP245Q,617,1,449.0,198.0,668.5,809.5,1676.0,Medium
AEF55HUCR2L3DMBXVV4SGD55JKIQ,498,2,3888.0,108.0,162.0,237.0,507.0,Low
AEFANDDI6JRPXAGKHLQH2TV6A53A,827,1,1099.0,329.5,668.5,580.0,1578.0,Medium
AEFJJHEDW3VJRIQANBUZTZNYCOPQ,2148,1,2899.0,1089.5,668.5,297.5,2055.5,High
AEFXOSV5LSFQVAI3FYKVECIQ2YKA,2165,1,1199.0,1098.0,668.5,558.0,2324.5,VIP
AEG5JOZOUBWEAZOGQQR6YDVPTL6A,1100,1,89.0,547.0,668.5,1091.0,2306.5,VIP
AEGCEHUVRPOYDRJHI4UJVB2XY6FA,1678,1,949.0,850.0,668.5,621.5,2140.0,VIP
AEGCMA54O4ML7L2XAVP4BCKXBHLQ,1345,1,2790.0,692.0,668.5,306.0,1666.5,Medium
AEGLHOQOWUUUQEDV6EWXTSHIUE7A,1230,1,449.0,634.5,668.5,809.5,2112.5,VIP
AEGPWBXEAWPF6XRT7EZJOYJQA6DQ,1488,3,1937.0,766.0,57.0,403.5,1226.5,Low
AEGR6ZYWXPEZWM7JUEBWQHAOPS2A,630,2,549.0,212.5,162.0,761.5,1136.0,Low
AEGT7WPGXXMSH5J3LZLL6CPJ7QMQ,656,2,2148.0,229.5,162.0,375.0,766.5,Low
AEGXNM3XGAHJGUJ7MIFPE7QFMJHA,1382,1,31999.0,706.5,668.5,24.0,1399.0,Medium
AEGZCGGDNS4ZRNPG3CDULRVB5Z5A,1100,1,134.0,547.0,668.5,1063.0,2278.5,VIP
AEGZSNGSJJAEMJ3RRNVZTKUILOHA,853,2,2464.0,347.0,162.0,341.5,850.5,Low
AEH3MURR76DG3TEX3NXIJVJTKBLA,1394,1,1484.0,714.0,668.5,488.0,1870.5,High
AEH3VHBR2ECN647RYG3VNMASKBWA,1006,1,1235.0,470.5,668.5,548.0,1687.0,Medium
AEH463ZLT7U67XS3DWK2Y27GLVWQ,861,1,1799.0,354.5,668.5,424.5,1447.5,Medium
AEH6JRDO3GFF5AKVH7SZUP2UPNZA,1410,1,449.0,726.0,668.5,809.5,2204.0,VIP
AEHBE4U3HD6G2TMSHKE7TNZYOWCA,1071,1,416.0,528.0,668.5,821.0,2017.5,High
AEHF7TORHRTMJOSTX2KYEILWRDEQ,785,1,1043.0,305.0,668.5,594.0,1567.5,Medium
AEHFMY2XIP7P3MZV6KHQVLCFKWBQ,1813,1,1665.0,920.5,668.5,447.0,2036.0,High
AEHIRIOGHJKVTFYHFZVQ322CMZMA,1043,1,499.0,503.5,668.5,783.5,1955.5,High
AEHKKIS4WKMVCADF6Y3HMR5IRM7Q,1050,1,1199.0,508.0,668.5,558.0,1734.5,High
AEHQERYQKTKY5OMTF5KOWEIVCSQA,1094,1,2499.0,541.0,668.5,335.5,1545.0,Medium
AEHQQTEDMSXRGSBDDEIH3JF4AOMQ,2098,1,8999.0,1068.0,668.5,141.0,1877.5,High
AEHQYGI5L4FFALBMC5XMT5KXSZCA,808,1,299.0,320.0,668.5,913.5,1902.0,High
AEHU6ETDR7HVQOGLKITDETHZEO7A,1399,1,229.0,717.0,668.5,976.5,2362.0,VIP
AEHVZHMJQYG456XUPYSWK7PWAJAA,1144,1,16499.0,582.5,668.5,71.5,1322.5,Medium
AEI36WUCG27UYFAGDF7HX74VEGIA,701,1,599.0,255.0,668.5,738.5,1662.0,Medium
AEI5OOS434KUVK3SPKYEZMBJUB5A,1134,1,263.0,571.5,668.5,945.0,2185.0,VIP
AEI7HJU4RFV6NR5WSRDQV5ZSRYSA,403,1,176.63,40.5,668.5,1037.5,1746.5,High
AEIDO6I6DOUJAKJX6VR6C2PC6ETQ,534,2,3186.0,142.0,162.0,279.0,583.0,Low
AEIFMHDK4ETHLYWSV6TUFNSJU4MQ,1960,1,575.0,1002.0,668.5,753.0,2423.5,VIP
AEII2B5GAPQWGZCTI2PIMOEFJMRA,2083,1,1695.0,1059.0,668.5,443.0,2170.5,VIP
AEIMBDWSM42YEDEE6476WUXFZJHQ,485,1,599.0,97.0,668.5,738.5,1504.0,Medium
AEITVIFC7WZAEQDIVWPB4KUGKLRQ,1879,1,970.0,960.0,668.5,616.0,2244.5,VIP
AEJG6XAZFMVQ7NRKCXG3ZCC3DIVA,1020,1,799.0,485.0,668.5,659.0,1812.5,High
AEJGEJAGW7MDJMBVY7KB7KBKIYYQ,1034,1,375.0,495.0,668.5,858.0,2021.5,High
AEJNUCP6WR35MUUPR3D4P23EDVQQ,402,1,355.0,38.0,668.5,865.0,1571.5,Medium
AEJU4L3ZM2GTILSJZZSNSF6VUOIA,1188,2,1378.0,609.0,162.0,517.5,1288.5,Medium
AEJWYKZND5DTQQYR26RKWY5FWTOQ,1520,1,26999.0,779.0,668.5,39.0,1486.5,Medium
AEJXPNJR72TG3IKARG3ZCXGKY3UA,1852,1,1649.0,941.0,668.5,450.5,2060.0,High
AEK7TJPOW2SWCHCQOA7OEGXDZPCA,1219,1,349.0,630.5,668.5,877.0,2176.0,VIP
AEKCUG7WMX6KMP6VFBWI3ICW5CBQ,386,2,1828.0,29.5,162.0,414.0,605.5,Low
AEKJRELVNMICYPOYTKMVF52YX2WQ,844,2,773.0,343.0,162.0,674.0,1179.0,Low
AEKKXMW4QXQMXXIHMC3AM533RJIA,1932,1,1099.0,987.0,668.5,580.0,2235.5,VIP
AEKMVX2VDNNX4ZFXI67SGKMJGZAQ,1415,1,154.0,728.0,668.5,1046.5,2443.0,VIP
AEKWBYGLEXUNRAJKVPO6HMF52W7A,1154,1,329.0,588.5,668.5,895.0,2152.0,VIP
AEL5WI53X4OUCZBTBH5Z7SNT63YA,465,1,1499.0,80.0,668.5,477.0,1225.5,Low
AEL77P6YFP7P7EZVBDU63TUTGKMQ,856,1,1321.0,349.5,668.5,527.0,1545.0,Medium
AELBEUEZY4ZDRRUYDKANK4BUZOHQ,1970,1,1889.0,1009.0,668.5,408.5,2086.0,VIP
AELBYFRFAGLMXQQJKVDUWO7QX2VQ,1917,1,22999.0,978.0,668.5,45.0,1691.5,Medium
AELIUKITTHS3MSGTSB3B3YCAUMQQ,1719,1,245.0,871.5,668.5,966.0,2506.0,VIP
AELKHQXVSSG6NHXLFJLLNEFRQQUQ,1524,2,6638.0,780.0,162.0,179.0,1121.0,Low
AELM6ILLTWBSXJXOKMNA2GM3DTKQ,429,1,522.0,58.0,668.5,769.0,1495.5,Medium
AELNBR4H6235Y7NVYNCGNABDIDFQ,1201,2,2348.0,615.0,162.0,351.5,1128.5,Low
AELNHGVCLQTWAEFDH244JJZZSVAQ,2121,1,349.0,1076.0,668.5,877.0,2621.5,VIP
AELO5I776X3QUOQZ7AEEFC565CYA,628,1,1400.0,211.0,668.5,502.0,1381.5,Medium
AELSOXQRZBOFSSY4HJUR4Y7ASQBA,1304,2,1248.0,668.0,162.0,546.0,1376.0,Medium
AELX4DI77ZHURZTDLYFU7XMP7R6Q,1143,2,2448.0,580.0,162.0,344.0,1086.0,Low
AEM2Y22BKLFYL5BK7SC56Q75ODOQ,2128,1,9490.0,1078.0,668.5,136.0,1882.5,High
AEM356PVXFHAXWV56KDO75FS5WPA,607,1,1898.0,188.0,668.5,406.0,1262.5,Low
AEMGDIDXCHHDMTAJHRNXBUWISFQQ,964,1,7998.0,434.5,668.5,159.0,1262.0,Low
AEMJJHRL3DAOOLBWHIDSFW56MJWQ,1832,1,249.0,933.5,668.5,957.5,2559.5,VIP
AEMJJNJTRB4DQ2EMQQRJ6N2SC2XA,1963,1,1099.0,1003.0,668.5,580.0,2251.5,VIP
AEMQ4TSBHCLS2GHF4C4K3CHKM6QA,2051,1,749.0,1040.0,668.5,680.0,2388.5,VIP
AEMQUDDYUEXPRJ2C64I33YVVSQXA,1001,1,4499.0,466.0,668.5,219.5,1354.0,Medium
AEN7NV2P5WNHM7EXCWWWES43N3PQ,592,1,215.0,180.0,668.5,987.0,1835.5,High
AENDL564LHLXLMAUI3U3D6KV5R5A,1809,1,1699.0,917.5,668.5,440.0,2026.0,High
AENFRNJLSQPJICHCPKWOMUBY6RZQ,1474,1,252.0,759.5,668.5,949.0,2377.0,VIP
AENGU523SXMOS7JPDTW52PNNVWGQ,617,5,8476.0,198.0,8.5,153.0,359.5,Low
AENIRZYQ7D6LIUFYMTCNZ3E7ITMA,961,1,3569.0,431.0,668.5,252.0,1351.5,Medium
AENNAVVG4GBJKDQKJXQUEKQKTXGQ,1051,1,475.0,509.0,668.5,800.5,1978.0,High
AENQPV63OVBZHJ7L7V37M2ADFY7Q,919,1,14999.0,401.0,668.5,86.0,1155.5,Low
AENTXYVP4NNTWTHTYFRTOOY2MEAA,1629,1,1399.0,832.0,668.5,507.5,2008.0,High
AENYOOBQJZGYT4GNQRR3YEKI7KAQ,1860,1,2199.0,949.0,668.5,369.0,1986.5,High
AEO5FHWNOSFBT554DKQAG4ICBGFQ,1873,1,12499.0,954.5,668.5,112.0,1735.0,High
AEO5NTPVZBDP7EHO2NOJ3Q6QPN3A,1427,1,209.0,734.5,668.5,991.5,2394.5,VIP
AEOFYPCJJQYCKISUR6EC66IZH23Q,871,1,13999.0,363.0,668.5,93.5,1125.0,Low
AEOIHOJD3O5MYSVWZOBDUJGYWZGQ,1042,1,1055.0,501.0,668.5,591.0,1760.5,High
AEOKB3ECJUM6UQOBFKMEMQVVHL4A,1037,3,901.0,498.0,57.0,628.0,1183.0,Low
AEOKQXQO42VI27RS7S6H6RDJTJWQ,2158,1,799.0,1095.0,668.5,659.0,2422.5,VIP
AEOKRUZ72RVUNHVMWHU5SFP2NXKA,711,1,649.0,263.0,668.5,716.0,1647.5,Medium
AEOM4KLP4SKKVSOCAMP7ORLGPGUA,2052,1,1149.0,1041.0,668.5,572.0,2281.5,VIP
AEOVR6JEQTAC77BXE5AJMWJGG5PA,992,2,7179.0,458.0,162.0,172.0,792.0,Low
AEP4CW3UI7AJ7XM7PAAKVCB6U3ZA,647,1,99.0,226.0,668.5,1082.0,1976.5,High
AEP4MK3EKOBDKTGPJTRN5RBDIODA,500,3,857.0,114.0,57.0,643.0,814.0,Low
AEP5UMK4KDMGZGBHBLZDB2R37OMA,1981,1,325.0,1012.5,668.5,898.0,2579.0,VIP
AEP6PYK2DLTD5UCMURSUNUE4IE5A,582,2,17368.0,174.5,162.0,66.0,402.5,Low
AEPLOFVKFHPQH4DFHKQXGKWL24NQ,518,1,1563.0,127.0,668.5,464.0,1259.5,Low
AEPML5IRZNUCCZNZDPAXESOPY6OA,970,1,199.0,438.5,668.5,1007.0,2114.0,VIP
AEPQHZHEBKKLM6Q7IKBZNILWVCBA,1033,1,1599.0,494.0,668.5,459.5,1622.0,Medium
AEPSWFPNECKO34PUC7I56ITGXR6Q,1095,3,12950.0,543.0,57.0,108.0,708.0,Low
AEQ2YMXSZWEOHK2EHTNLOS56YTZQ,761,3,22356.0,290.5,57.0,48.0,395.5,Low
AEQ5OVCZQLS52SKPGHUA2X3GJIYQ,588,1,199.0,177.0,668.5,1007.0,1852.5,High
AEQ5ZXLEZFYS2Q7GBBW6IDJTH5GQ,2130,1,199.0,1080.5,668.5,1007.0,2756.0,VIP
AEQH7UPNWWVMWQAZ2TKCXLZNLVLA,901,1,100.0,384.0,668.5,1077.5,2130.0,VIP
AEQHHPCXUH4O5BS4VOQNDBTAAORQ,1441,1,5499.0,746.0,668.5,204.5,1619.0,Medium
AEQIJCPWSBCDKUO5VROXXHWX3PPA,392,3,1867.0,33.5,57.0,410.0,500.5,Low
AEQJHCVTNINBS4FKTBGQRQTGTE5Q,422,5,8242.630000000001,53.0,8.5,158.0,219.5,Low
AEQWGO62V6K2GSMRMFGRW35NBTQA,454,1,2199.0,72.5,668.5,369.0,1110.0,Low
AEQWP6WIVLFP2L3MSAWW3RENW3XQ,1015,1,349.0,479.5,668.5,877.0,2025.0,High
AEQWVGESA7TDGK7KZ4DAJQGYH32A,1640,1,4699.0,835.0,668.5,217.0,1720.5,High
AER5ZGIXXVYG3AWZTRZT7M2BYCEA,402,1,1199.0,38.0,668.5,558.0,1264.5,Low
AER7Q5G4K2TF5X74DYBJCEEQ3VZQ,2081,1,2742.0,1056.5,668.5,310.0,2035.0,High
AERBQW23ELEQZRWXWOW5EFQ2AA7Q,1382,2,2998.0,706.5,162.0,291.5,1160.0,Low
AERD56GM7L442X34ICEOKG44MK2A,1431,1,1990.0,738.0,668.5,398.0,1804.5,High
AEREO7C5GLYYYV6YXK7X4UCCQTJQ,558,1,3249.0,159.0,668.5,269.0,1096.5,Low
AERFCJ6BOMVO5YW5XM5Z2ESOIK3A,567,4,2406.0,164.5,20.5,347.0,532.0,Low
AERIT7L44J4U5ZOSUK2JOSJF67PQ,1405,1,219.0,721.0,668.5,983.5,2373.0,VIP
AERP2HDU5NDVDVWH2VDXZY3ITHRQ,1747,1,299.0,883.0,668.5,913.5,2465.0,VIP
AERQBL3BISJQVHO3RLOOA4HKZX5A,747,3,2797.0,285.5,57.0,305.0,647.5,Low
AERVECDPABKJA75A3HLMML7JAQMQ,495,1,39.0,103.5,668.5,1101.5,1873.5,High
AERVJSFWEB7B63J46ZBDVGL4HEPA,1306,1,596.0,669.0,668.5,749.0,2086.5,VIP
AESE26BMILSD6E4AVO3YM76G4UPA,941,1,369.0,422.0,668.5,860.0,1950.5,High
AESFLDV2PT363T2AQLWQOWZ4N3OA,1540,1,249.0,785.0,668.5,957.5,2411.0,VIP
AESJE2EZD7S7WOYBN7RE7ZF3J2MA,646,2,5789.0,224.5,162.0,199.0,585.5,Low
AETM4APJU6TQILR5HKP3CSPYQL5A,2040,1,229.0,1032.0,668.5,976.5,2677.0,VIP
AETPKXNOTUEX5GH7WL7XQHDR5M7Q,455,4,5894.0,74.0,20.5,196.0,290.5,Low
AETRIARSUFSMNG5LFJZMW6CBJMMQ,568,1,1799.0,166.0,668.5,424.5,1259.0,Low
AETRLRK4QNNUXN3RRQ7BWMBAFXCA,1238,1,561.0,644.0,668.5,757.0,2069.5,VIP
AEU4DZ5TUTNBTJHIYUDYHWXTSNSQ,1140,1,425.0,576.5,668.5,817.5,2062.5,High
AEU5DHNTPNICV4DYIEYANIV36C4Q,499,1,1599.0,112.0,668.5,459.5,1240.0,Low
AEUAAKEA5FFOZ66HNIUQI3OJQDQA,1866,1,999.0,951.0,668.5,602.0,2221.5,VIP
AEUDATTJUCKFQ5ETVLUU57ZZ3XXQ,1131,2,1515.0,568.5,162.0,469.0,1199.5,Low
AEUPILALWUFFD34CNWRYX4PFQKSA,1854,1,100.0,945.0,668.5,1077.5,2691.0,VIP
AEUVWXYP5LT7PZLLZENEO2NODPBQ,901,1,13490.0,384.0,668.5,100.0,1152.5,Low
AEUWKSX5ZL7DWOOYVDOWJKBHOVXA,1205,1,399.0,619.5,668.5,831.5,2119.5,VIP
AEV2GXFIZ3KD7EEKOE5URJQD6IFQ,1717,1,1599.0,870.0,668.5,459.5,1998.0,High
AEVBWSNHEFMTADA24TBEUGDGLZMQ,524,1,79.0,134.0,668.5,1093.0,1895.5,High
AEVI32AU5HIKNCR3VPGFHSFDOL2Q,1580,1,499.0,805.5,668.5,783.5,2257.5,VIP
AEVJIJSEUXPBRKOQ2PB4JNBUTFRA,859,2,1469.0,353.0,162.0,490.0,1005.0,Low
AEVQ23BWUEEHRN4SPRKHA57N6SOQ,724,1,1999.0,271.0,668.5,390.0,1329.5,Medium
AEVV7FGCQH4N4HDNGHICKQHTMMRA,885,1,1499.0,373.0,668.5,477.0,1518.5,Medium
AEVVZCUP5D2P4FWGD3AOPDGJJY4A,2079,1,199.0,1052.0,668.5,1007.0,2727.5,VIP
AEVYQ5XCKNYAC4L27BDFVMWT6TCQ,1217,1,3711.0,628.5,668.5,242.0,1539.0,Medium
AEW6K4E5A4RUWRFFUDINQE5WWBSQ,743,1,29990.0,282.0,668.5,32.5,983.0,Low
AEW6KBDGJEWIOQKAW3FP74GMV6TA,1483,2,598.0,762.0,162.0,747.0,1671.0,Medium
AEWA5TH6PMRZXMFY5MHCIU2MNFHA,383,2,1274.0,27.5,162.0,542.0,731.5,Low
AEWAZDZZJLQUYVOVGBEUKSLXHQ5A,897,3,12847.0,380.0,57.0,110.0,547.0,Low
AEWMPOUFVOFZ3WMJGHLOYQ7VGUJQ,2090,1,269.0,1065.0,668.5,940.5,2674.0,VIP
AEWNTX64SO54FM25O5FQFFWXIM4Q,963,1,1899.0,433.0,668.5,405.0,1506.5,Medium
AEWP2ARX3R62X4MJMBO4JOPOMU7A,1315,1,2976.0,673.5,668.5,294.0,1636.0,Medium
AEWPCJ6MCXV32JXQHYGODOOEIJNA,1795,1,379.0,912.0,668.5,854.5,2435.0,VIP
AEWU6OTDLIVY6F2UAY2UYYQSGOPQ,985,1,449.0,454.0,668.5,809.5,1932.0,High
AEWYTXQFQRBUHADGAXC4CPPNDBYQ,1782,1,949.0,905.5,668.5,621.5,2195.5,VIP
AEWZZXQWEU2QSVBCT7AJQ3FXMZWA,587,1,61999.0,176.0,668.5,3.0,847.5,Low
AEX422U2J6S45PAKDJIFJB7WNVLQ,1776,1,1999.0,899.0,668.5,390.0,1957.5,High
AEXAFY7V2ZRZI2GD2J6KDOWBZUBQ,783,1,8499.0,304.0,668.5,150.0,1122.5,Low
AEXCDW6DBTQ42FQZZ5O4MUVOCWZQ,951,1,390.0,427.0,668.5,847.0,1942.5,High
AEXCQM3FDLX3YL3UJWWUIAIUJT4A,412,1,299.0,46.0,668.5,913.5,1628.0,Medium
AEXFWMXY2NPLRI3QKEROSZZJWUAA,403,1,499.0,40.5,668.5,783.5,1492.5,Medium
AEXIFRBO4546MRMJHYKE2AH26VCQ,1372,1,999.0,701.0,668.5,602.0,1971.5,High
AEXK37TSBFHSP2TYE63YPKETWQ7Q,1889,1,119.0,963.0,668.5,1072.0,2703.5,VIP
AEXK3LPRGQWVMCIQZGHHJUBHHAZA,2080,1,3487.77,1054.0,668.5,258.0,1980.5,High
AEXRM3SMHD5HJC5BMNDNQSEMGLYA,1928,1,1295.0,984.0,668.5,539.5,2192.0,VIP
AEXRU5ZQWDY2IGNVAFOF4UJQ6JQQ,724,1,1199.0,271.0,668.5,558.0,1497.5,Medium
AEXWFIXSKJG3JJO56XGKHSMF3VAQ,1642,1,8499.0,836.0,668.5,150.0,1654.5,Medium
AEXZDEFVFQ3LW6DKHRGXLPWF63DQ,773,1,199.0,298.0,668.5,1007.0,1973.5,High
AEYA6LQE25O2P6C7XV62XM3YV2EQ,386,3,2697.0,29.5,57.0,316.0,402.5,Low
AEYD5HVYAJ23CR6PTWOOIKUOIDHA,1488,1,1499.0,766.0,668.5,477.0,1911.5,High
AEYHTCWWZYU3JQBU6SLNFFT3OMVQ,496,1,299.0,105.0,668.5,913.5,1687.0,Medium
AEYIYXI67FZ3H57OBTA2BGZBGTHQ,1336,1,799.0,689.0,668.5,659.0,2016.5,High
AEYJ5I6JZZPOJB6MGWRQOHRQLPSQ,772,3,3546.0,297.0,57.0,253.0,607.0,Low
AEYPXWWAKKOQEX2Z6HKEVFCYZ4EA,2138,1,299.0,1084.5,668.5,913.5,2666.5,VIP
AEYTPTAYCRD42I77UZFV7KVD4GGA,1194,1,3041.67,612.0,668.5,285.0,1565.5,Medium
AEZ346GX3HJ4O4XNRPHCNHXQURMQ,1172,3,797.0,599.5,57.0,670.0,1326.5,Medium
AEZ3OTGG6TXB5HGKYC3OIELYECPA,972,2,2105.0,442.5,162.0,378.0,982.5,Low
AEZCPNPTW4BIFN7P2QFA3ML4ZKUQ,1042,1,1349.0,501.0,668.5,521.0,1690.5,Medium
AEZDBVRL3E3S2Q2C7LEY3TTQVVFA,1807,1,1199.0,916.0,668.5,558.0,2142.5,VIP
AEZTUFS2XNNKJ5ZCNRLE5JWWI4PQ,935,1,219.0,412.5,668.5,983.5,2064.5,VIP
AEZWHWXROPZON2GRB234DUWXQTHQ,1893,1,1449.0,965.0,668.5,493.5,2127.0,VIP
AF23GXF525XSMXPJBEHP4SPKOZNQ,825,2,35298.0,328.0,162.0,17.0,507.0,Low
AF2544C4RGIBQX7Y4JMKMSMXMRRQ,1168,2,14598.0,598.0,162.0,88.0,848.0,Low
AF2EHSXFZWWS2YEN22DV2ZCJDZZA,2061,2,1093.0,1045.5,162.0,586.0,1793.5,High
AF2IITAFGAYGRB5HXE2INA4YXL5Q,1981,1,299.0,1012.5,668.5,913.5,2594.5,VIP
AF2IRSQZKMBGX44YDNUPYRHWXOZQ,1320,2,8252.0,678.0,162.0,157.0,997.0,Low
AF2JRH2ISLR6MYBFP37T3NWBIMHQ,549,1,325.0,152.0,668.5,898.0,1718.5,High
AF2L4MCRCIDOOREQJN7QPQ4QBZCA,1399,1,1299.0,717.0,668.5,533.0,1918.5,High
AF2V6W7LKARBMZQLFL44AY6KYOCA,644,1,3190.0,223.0,668.5,278.0,1169.5,Low
AF2XIRDLVIWFTUBDJMEWJOLB76OA,999,1,399.0,464.5,668.5,831.5,1964.5,High
AF2XXVO7JUBUVAOBTJ3MNH4DGUFQ,567,1,15990.0,164.5,668.5,77.0,910.0,Low
AF2ZFMLJS4UBCGZO4FMJTEPP6MHA,641,1,149.0,222.0,668.5,1053.5,1944.0,High
AF34O4J6KAXDARBDMH2WQ3K6RVNA,1552,1,1999.0,791.0,668.5,390.0,1849.5,High
AF355FTXYAKFH5NYPRTE7SL3WO3Q,781,5,13156.0,301.0,8.5,102.0,411.5,Low
AF35OXRSRJ335IGMNW5FYCJDLHOA,623,2,2369.0,205.5,162.0,350.0,717.5,Low
AF36YUJUEUU3SA42PFAULM2F5RYA,1122,1,489.0,561.5,668.5,796.0,2026.0,High
AF36ZMROXP35IOQKSQ6BK4FEPNAQ,2018,1,6990.0,1028.0,668.5,175.0,1871.5,High
AF37X7ZH7JPA6H5Q64NV6QFIBCYA,1378,1,499.0,704.0,668.5,783.5,2156.0,VIP
AF3D6X5NQWOBOEVVH2Y37N55AKZQ,1833,1,399.0,935.0,668.5,831.5,2435.0,VIP
AF3GETWWBGMLASY2KKNNBS2VO6DQ,867,1,449.0,359.0,668.5,809.5,1837.0,High
AF3IXM2LI57OSMIOBF55GYWRIYKA,706,1,380.0,257.0,668.5,852.0,1777.5,High
AF3JF6J5KVUCB7KOGLU6Z3OE4O6A,368,1,3599.0,10.0,668.5,249.5,928.0,Low
AF3USN76IP5JHXKWGCXZ4JL5FWTQ,623,1,475.0,205.5,668.5,800.5,1674.5,Medium
AF42EMTPEJAL4LNEPPX77TN77UHA,636,2,2908.0,216.5,162.0,295.0,673.5,Low
AF43XSTGWBWDM3ZV7RRKWMAHPVCQ,1619,1,199.0,828.0,668.5,1007.0,2503.5,VIP
AF477BP57JM7Z4JD4PYB2K33R6AQ,435,2,6918.0,62.0,162.0,176.0,400.0,Low
AF4BWMWZI7TTQY2YTE2HTHRB3NHQ,816,1,699.0,325.5,668.5,695.0,1689.0,Medium
AF4GBAADHEMI3ZLPBAIZWYWN7GJA,1904,1,96.0,970.5,668.5,1086.0,2725.0,VIP
AF4QXCB32VC2DVE7O3DGFNQVFFNQ,1015,2,559.0,479.5,162.0,758.0,1399.5,Medium
AF4TCPZK5Q3JFGYV4MBARJLS54PQ,1107,1,2499.0,550.0,668.5,335.5,1554.0,Medium
AF4X3QT4KW3DV2HUMQVSOJDISOOQ,2014,1,369.0,1025.0,668.5,860.0,2553.5,VIP
AF57UETI4YHWNPSAOF2OVMNVV2JQ,2180,1,59.0,1102.0,668.5,1097.5,2868.0,VIP
AF5BU6DZ446HN4DTCO7W7AWXBJBA,881,3,3997.0,368.0,57.0,234.5,659.5,Low
AF5CIA2LXA75JJFRVWLKGOLKZIHQ,1679,1,535.0,852.0,668.5,768.0,2288.5,VIP
AF5EHUH4GWB7JZ3PZ53Z2DOYK5WQ,1420,1,59.0,730.0,668.5,1097.5,2496.0,VIP
AF5ILQY4KFDTO5XHHBJ42W5DXCZQ,539,4,3511.81,145.0,20.5,254.0,419.5,Low
AF5JWNCDVWTXOFCICR6IYNOEQENQ,934,1,598.0,410.5,668.5,747.0,1826.0,High
AF5KJPHP55XSZUUXSC5OJUBJ5RVA,1529,1,199.0,781.0,668.5,1007.0,2456.5,VIP
AF5PAF6QWH67HHLGCH6LBYQJPPUQ,828,1,199.0,331.0,668.5,1007.0,2006.5,High
AF5TLUDL3JKYZS74QEAMDMPXC3ZQ,1013,1,8999.0,477.5,668.5,141.0,1287.0,Medium
AF5XVR5OXJ67BJZGIOYFMQDQIGGQ,2137,1,948.0,1083.0,668.5,624.0,2375.5,VIP
AF62LB4BMTMNZXCHTSXSEKCXZFLQ,1578,1,1199.0,804.0,668.5,558.0,2030.5,High
AF64ON4HPPVD43H6PK3CHPTTYSSQ,994,2,15548.0,459.0,162.0,79.0,700.0,Low
AF652OHBGHAEER2HLOH45T6E65CQ,1571,1,13999.0,800.0,668.5,93.5,1562.0,Medium
AF6HB6GYUYNZ4G4FDTQIGQK76WSQ,2111,1,949.0,1073.0,668.5,621.5,2363.0,VIP
AF6LAYTAGSTBKL2QUF3WFB6OMCPQ,1138,1,150.0,575.0,668.5,1049.5,2293.0,VIP
AF6N6OWYE2EZASDJCO4BOQD7AFIA,503,1,1199.0,116.0,668.5,558.0,1342.5,Medium
AF6R7AMFHIWTMNFF6WPGFDOF7Z5A,522,1,499.0,131.5,668.5,783.5,1583.5,Medium
AF6SKHWKK53BMAI6UVJA5FJMLK3A,480,1,299.0,91.0,668.5,913.5,1673.0,Medium
AF6SQCFVW3FHWWPMLKQXFO5N2SJQ,2108,1,354.0,1072.0,668.5,866.0,2606.5,VIP
AF6UDET5A7UZVF6X6PLTCNPAG2JA,1778,1,299.0,902.0,668.5,913.5,2484.0,VIP
AF6VSSXOI3Y4PZCNRJ3L27NCXPYA,967,2,1148.0,436.0,162.0,573.0,1171.0,Low
AF6XISKAQXTX3Q5RUF2M2VKOJ66A,1736,2,536.0,878.0,162.0,767.0,1807.0,High
AF6YDBL3KYIK3LBKKDIHUMOLKN4Q,538,1,3999.0,144.0,668.5,231.5,1044.0,Low
AF74JR6NGSLT6D6ZFPER3HOIV3KA,1433,1,849.0,740.0,668.5,645.5,2054.0,High
AF74RSGCHPZITVFSZN76K6GKPICA,1143,2,16498.0,580.0,162.0,73.0,815.0,Low
AF7CJCAKRIAY4BVN77BTSZYXXIZA,2086,1,299.0,1062.0,668.5,913.5,2644.0,VIP
AF7EOXYL5K36BDP6PXF6K2TL5TPA,665,1,279.0,233.5,668.5,932.5,1834.5,High
AF7HUEJWED3ZUCLTT2MNQDL5BQOA,1995,1,2999.0,1019.0,668.5,288.0,1975.5,High
AF7IXQKBUL6NEIQG4R53LMJJUGXQ,885,2,628.0,373.0,162.0,726.5,1261.5,Low
AF7NDY2H6JVYTSQOZP76GCATQ34Q,1054,3,49164.0,515.0,57.0,6.0,578.0,Low
AF7NWNWMLKRURHMLHTZXO6TYO4ZQ,1334,1,6525.0,687.0,668.5,180.0,1535.5,Medium
AF7QASLC5FT2C3DGXD4YW2FMZ5ZQ,1354,1,3599.0,696.0,668.5,249.5,1614.0,Medium
AF7S5C6MJ7XPJ26E3U3Z5TIWHRMA,1297,1,848.99,665.5,668.5,647.0,1981.0,High
AF7TKY6E2EO7NSSPHFYFGE4FJDOA,1811,1,251.0,919.0,668.5,950.0,2537.5,VIP
AF7USQ27RIKU5ABXWZG2WFECW7JQ,984,1,3685.0,453.0,668.5,245.0,1366.5,Medium
AFA332YHUPB6I7KMME7SOFX5RKQQ,938,3,34192.0,417.5,57.0,18.0,492.5,Low
AFA3LPNRI5HE56NA7IV3NN4KYJ6Q,402,1,1699.0,38.0,668.5,440.0,1146.5,Low
AFABWJZ3775SMVWMSWGYY4DDN6WQ,508,1,37247.0,118.5,668.5,14.0,801.0,Low
AFAFMRV4L35642NQMP3WELYPQ6ZQ,416,1,230.0,50.0,668.5,973.0,1691.5,Medium
AFAH6ZDWWYSXCWPETRIORFGRILAA,2125,1,2595.0,1077.0,668.5,327.0,2072.5,VIP
AFAI5BPCMNB5QLJ2T5WCKGA5U2DQ,1582,2,1378.0,807.0,162.0,517.5,1486.5,Medium
AFAKHOAYOIRPKEBF376DH5VOHIVQ,484,1,510.0,94.0,668.5,771.0,1533.5,Medium
AFAKUEWJWYAKREBPXLV2MNKZXMLA,782,1,1499.0,303.0,668.5,477.0,1448.5,Medium
AFALQ6JKOEKVRVI3BZ2G5PJ63HQQ,544,1,1999.0,149.0,668.5,390.0,1207.5,Low
AFAQLRAKYASFXOQP7MS6SZK4STIQ,976,2,2594.0,449.5,162.0,328.0,939.5,Low
AFAZO3VRRBIL6DP5UI4B2UDILGRQ,2055,1,179.0,1043.5,668.5,1032.5,2744.5,VIP
AFAZO5BDXQFTNM5IUP2X6F5XIIVQ,1042,1,249.0,501.0,668.5,957.5,2127.0,VIP
AFB3MTOE4VW2XO6RTJGIWJYH5OBQ,1780,1,499.0,904.0,668.5,783.5,2356.0,VIP
AFB5KJR4Q5FICAHBOPDPUTB3O7QQ,934,1,9999.0,410.5,668.5,127.5,1206.5,Low
AFBB545QU2N2BJW3PGXCROIDXIIQ,1777,1,209.0,900.5,668.5,991.5,2560.5,VIP
AFBJVGLPQD4P3VWFKPHEYOYSU3SA,1257,1,6790.0,651.5,668.5,178.0,1498.0,Medium
AFBK3X6D3AHEHSYYXPL4L6JEMSLQ,827,4,11907.0,329.5,20.5,116.0,466.0,Low
AFBLTBDVC23HRPXW2OQ2JDV3BNNQ,1681,1,24499.0,854.0,668.5,43.0,1565.5,Medium
AFBPPGDHU5S2IR5WEPYWGR4ABK4Q,1181,1,499.0,602.0,668.5,783.5,2054.0,High
AFBURR5C3CR7XL4WPXXV5ZEDDZPA,1030,1,399.0,492.5,668.5,831.5,1992.5,High
AFBWMQUWPLCXK5D4A35AZBEZVRNA,1790,1,12609.0,909.0,668.5,111.0,1688.5,Medium
AFBZMRHC4GXUU7KNAK4OBKORDF6Q,901,1,599.0,384.0,668.5,738.5,1791.0,High
AFBZOBNNEXP2HLRKXMCEFD2RNT4A,1830,1,199.0,932.0,668.5,1007.0,2607.5,VIP
AFC3FFC5PKFF5PMA52S3VCHOZ5FQ,879,5,4645.0,367.0,8.5,218.0,593.5,Low
AFC5K7RQQYKFB5PV47KAX2CHVIIQ,1207,2,20378.0,621.0,162.0,56.0,839.0,Low
AFCEDQXVCB4LUUBWXRJS6KRU62FQ,1824,1,399.0,928.0,668.5,831.5,2428.0,VIP
AFCKW7CNBDUGWITOVBVJGAQYTW6A,1268,1,899.0,654.5,668.5,634.0,1957.0,High
AFCMYWUZMOK6KHPFLL4DTRV2KHWA,1088,1,3303.0,540.0,668.5,263.0,1471.5,Medium
AFCOZOXOMZ4PVEU323VFOLNOT6YA,473,1,3307.0,86.5,668.5,262.0,1017.0,Low
AFCTBE5IW6HOJ2ENFG5WZZNRBVJQ,1904,1,225.0,970.5,668.5,980.5,2619.5,VIP
AFCTNNMP2LZLY5466YJ5AY3JE5ZA,781,1,339.0,301.0,668.5,888.5,1858.0,High
AFCWL3MX7BP2ZUDD37MEAENZDQ2A,1208,1,1099.0,622.5,668.5,580.0,1871.0,High
AFCZMUBZNRVRW2EJJKK5PN2YQZVQ,1143,1,2199.0,580.0,668.5,369.0,1617.5,Medium
AFD53TWXXCPJAYQJ7REZPW34AKKQ,1559,1,1399.0,793.5,668.5,507.5,1969.5,High
AFDCSF36NJYXASQOJCQWFQTN7SDQ,1957,1,199.0,999.0,668.5,1007.0,2674.5,VIP
AFDDH5QGUJ2NHJZBIAPEQVUIQCKA,1464,1,309.0,751.0,668.5,901.0,2320.5,VIP
AFDHJS4AKUMVMWYEP5HW33C5NQHQ,867,1,1399.0,359.0,668.5,507.5,1535.0,Medium
AFDI6FRPFBTNBG7BAEB7JDJSMKDQ,910,1,279.0,394.5,668.5,932.5,1995.5,High
AFDLRSXKDZ6U3U3KD46SQLFGZQRA,1797,1,899.0,913.0,668.5,634.0,2215.5,VIP
AFDUJI7KG7VMZF4JGJHV4DBCA4OA,1678,1,249.0,850.0,668.5,957.5,2476.0,VIP
AFDYUQAM7Y56P4R5CREI5OBPHSLA,907,1,656.0,390.5,668.5,711.0,1770.0,High
AFECO24WYFOU2KL7C3DMHTEHRU7Q,1565,1,30990.0,797.0,668.5,28.0,1493.5,Medium
AFEIIEKX6JEHS3CPGCSIYLGCNKFA,1782,1,225.0,905.5,668.5,980.5,2554.5,VIP
AFELQLNWTS4QJNCCA4ZDTWHVORJQ,594,1,474.0,181.0,668.5,802.0,1651.5,Medium
AFEOAY5PB4XEYIOL6DY5WJBOYSKQ,1687,2,1389.0,861.0,162.0,516.0,1539.0,Medium
AFEPOALC3FJQEMM2E5SK2EEZFXGQ,380,1,5999.0,23.5,668.5,194.0,886.0,Low
AFEQNJUAIGTASKXSGSUUOTDMOMDQ,2102,1,699.0,1070.0,668.5,695.0,2433.5,VIP
AFERMHRNZA7G7HIN2RS6LAQHZOWQ,604,1,2863.0,186.5,668.5,299.0,1154.0,Low
AFET7BHXMVHWJN5AS7AR3VHLW5ZA,1966,1,139.0,1006.0,668.5,1059.0,2733.5,VIP
AFFB6IUQ46CEIYZ2U7OAYVKAL5RQ,1183,1,15499.0,604.0,668.5,80.5,1353.0,Medium
AFFCNMMFC5VPKDGX5FGNODAS6Z6Q,1466,1,889.0,752.5,668.5,640.5,2061.5,High
AFFEO6RPTLDT5MMTV2OVV4H6PEQA,939,1,7349.0,420.0,668.5,169.0,1257.5,Low
AFFYX3FR3SF4JOIN7FIPEVVTIRMQ,472,1,6120.0,84.5,668.5,190.5,943.5,Low
AFG6LFTPXXKNHXVGXPDM6P3CCAHA,843,1,199.0,340.5,668.5,1007.0,2016.0,High
AFG6OH7UYU5ZITX4NE2KQR3DX5SA,622,1,1799.0,203.0,668.5,424.5,1296.0,Medium
AFGPABA7HWGCWXXWZV5QOIOZY77A,926,2,549.0,404.0,162.0,761.5,1327.5,Medium
AFGPRRCCLCHA7EEQRXPRLTJPAQ7A,1215,1,9495.0,626.0,668.5,135.0,1429.5,Medium
AFGQN6RWDATMEVHEO5POPH6VYFRQ,1023,1,499.0,486.0,668.5,783.5,1938.0,High
AFH2YOAAGY2IP4U62G4VZ6ABXJLQ,1507,1,449.0,774.5,668.5,809.5,2252.5,VIP
AFH5RGXHECG6OFJEKVIAUWKFYU2Q,1538,1,1289.0,784.0,668.5,541.0,1993.5,High
AFH75FMWPZH6ZQFZREPWZDS7FEKA,733,1,998.0,276.5,668.5,610.0,1555.0,Medium
AFHDJKCENRGUUZD2EYH6VDCJO5SA,1234,1,6120.0,640.0,668.5,190.5,1499.0,Medium
AFHE3U3LPV6QO6GVKLGXRFCH3YLQ,876,1,231.0,365.5,668.5,971.0,2005.0,High
AFHE44JRHYO42EGIWNM2GC75ZIJA,1043,1,399.0,503.5,668.5,831.5,2003.5,High
AFHGWFMHIMQWZDC7MDWA55EBUZEQ,1310,1,499.0,671.0,668.5,783.5,2123.0,VIP
AFHKIURZM4R62UEXTOCZLI2FPQ6A,764,1,368.0,293.0,668.5,862.5,1824.0,High
AFHNMLRH3T77DAFEJ6UUIVBTMB3A,1330,1,330.0,683.0,668.5,893.0,2244.5,VIP
AFHROSCGIXUPV3FYQ7H5QOD46Q7Q,796,5,10708.0,310.0,8.5,121.0,439.5,Low
AFHT4L657CBTBKZ2UZEYQBAROXNA,1236,1,1499.0,642.5,668.5,477.0,1788.0,High
AFHWTIWTNOD6HUF5VGHUIVQB3VKA,554,1,3498.0,156.0,668.5,257.0,1081.5,Low
AFHZLQ2Q3GSCQCWMF4N66DXXVJCQ,1185,1,681.0,605.0,668.5,703.0,1976.5,High
AFI3EFAYZRL5L5TQXRQBQKWJQJTQ,1654,1,398.0,841.5,668.5,842.0,2352.0,VIP
AFI5YRB4PKR26ECAXNTMOWMXMEQA,361,1,89.0,5.0,668.5,1091.0,1764.5,High
AFI7P52BGRV2NZVRGTJLLCBGJC6Q,617,1,425.0,198.0,668.5,817.5,1684.0,Medium
AFIAYICSN46TZ373SYU2DLQH7MHQ,1195,1,1850.0,613.0,668.5,412.0,1693.5,Medium
AFID7FPYXSKYIQ4TXVZRJLDCTNWQ,1689,1,699.0,862.0,668.5,695.0,2225.5,VIP
AFIECTV45ADX5YPTE2VU6ORRHTGQ,462,1,499.0,77.0,668.5,783.5,1529.0,Medium
AFIFHW5QMFMTWXNZ2JORBMINL3CQ,1399,2,3248.0,717.0,162.0,271.0,1150.0,Low
AFIS3N547NISE4TGX3YU6F4X2AGQ,1436,1,3799.0,742.0,668.5,239.5,1650.0,Medium
AFIU4APGHOFMXEOVMSQMYKMZ46QQ,692,1,649.0,249.5,668.5,716.0,1634.0,Medium
AFJ6ALITTDOSUNPSFLRGDVIAEWBQ,1316,2,3869.0,675.5,162.0,238.0,1075.5,Low
AFJDUYYD5BCY5PU522GYHMVIS4VQ,1058,1,2025.0,519.0,668.5,385.0,1572.5,Medium
AFJIYRZTBOJBOWYQ5RNA36DBBXOA,1576,3,1892.0,802.5,57.0,407.0,1266.5,Low
AFJLA3VGFKFSX3VC6UC4ZAYVR4DQ,688,1,349.0,245.0,668.5,877.0,1790.5,High
AFJVYK4FXVGRSTSLGVUE5JGB2NVA,1243,2,612.0,646.0,162.0,729.0,1537.0,Medium
AFJXTHVSM4WSXPKINO6S6L4OI5CA,2162,1,420.0,1096.5,668.5,819.0,2584.0,VIP
AFK4NJOLFSJGWLOJIUIAROJF6YVA,734,1,199.0,278.5,668.5,1007.0,1954.0,High
AFKDGUQ5TMGT3PXBDHAWPRE5CACQ,1779,1,269.0,903.0,668.5,940.5,2512.0,VIP
AFKENW6K3CFMTD3EGXQCUGK5XWWA,916,1,599.0,399.5,668.5,738.5,1806.5,High
AFKODCETW6PO3PQ7T2D6SFHRFB4A,1233,1,6236.0,638.5,668.5,188.0,1495.0,Medium
AFKOJLBHQLFZ3EZYM3QQRATTZ37A,1925,1,784.0,982.5,668.5,671.0,2322.0,VIP
AFKSU4D3IE4KNDBVVBEA3AHDD2YQ,1381,1,339.0,705.0,668.5,888.5,2262.0,VIP
AFKT7LV4XE6XJ2VTHCBHPQECW2RQ,569,1,99.0,167.5,668.5,1082.0,1918.0,High
AFKTST2773VUOKUHE7FCR6QCAURQ,1853,1,399.0,943.0,668.5,831.5,2443.0,VIP
AFKZHMXRXMRTVZLMHATTD53AVKRA,1809,1,1599.0,917.5,668.5,459.5,2045.5,High
AFL6MZDS6GWY7546AYCY3Q5L636A,541,1,499.0,146.0,668.5,783.5,1598.0,Medium
AFLFEMT6PKT5TYRSSFSGKZH76GJQ,426,1,5365.0,55.5,668.5,206.0,930.0,Low
AFLFHQMJXDKP4FNRZVNDLBCI7ULA,1685,1,1199.0,858.5,668.5,558.0,2085.0,VIP
AFLHNKQH5UQZU3ATISKSMRE2KEDQ,1368,1,210.0,699.0,668.5,989.0,2356.5,VIP
AFLIHOX2HH7S2OJAD63UAHKMY34Q,1723,1,499.0,874.5,668.5,783.5,2326.5,VIP
AFLMVNHSWNI2JPAMQKSOKJPAKHMA,566,1,193.0,162.5,668.5,1023.0,1854.0,High
AFLUBMW56L2YZFC7R3RZVLC7YGAA,380,1,199.0,23.5,668.5,1007.0,1699.0,High
AFLW4WXYQ3G6HU5LBQORDDZO3FOQ,430,2,2034.0,59.0,162.0,383.0,604.0,Low
AFM5JL37WY7G6MLQUI4WAXUJME7Q,2084,1,27999.0,1060.5,668.5,35.0,1764.0,High
AFMECPERM2GI2XQJSBWEPZKODISQ,569,4,28084.0,167.5,20.5,34.0,222.0,Low
AFMIFTNTUD5PIHGONWOTRMMZ5EBA,1110,3,9698.0,551.5,57.0,131.0,739.5,Low
AFMIGQ3PROFIPTSPVGLBI5XEXCDA,419,1,299.0,51.0,668.5,913.5,1633.0,Medium
AFMMETRQBRCB7WX5QNQXV6J3TR5A,370,1,749.0,12.5,668.5,680.0,1361.0,Medium
AFMQH2YLIY5ST5VNIUADLQYIUNAA,2129,1,269.0,1079.0,668.5,940.5,2688.0,VIP
AFMYMI6FWPFSDK7KXBHB2D7555OA,1405,1,2299.0,721.0,668.5,357.0,1746.5,High
AFN7F4VMFMSGDUDUIRMKKWLH75QQ,888,1,13999.0,376.5,668.5,93.5,1138.5,Low
AFNB6YVNGE6IT3AWQVSIG2TJ5L3Q,1386,4,47328.0,711.0,20.5,7.0,738.5,Low
AFNM7CC3WVFADEY2HU4FUG2PQVSA,445,1,799.0,67.5,668.5,659.0,1395.0,Medium
AFNNLWHF3B35C5XQN3Y6T77GIJFQ,1915,1,230.0,975.0,668.5,973.0,2616.5,VIP
AFNSWRFEYVFT3XIQRXEBUOZKREAA,2041,1,1547.0,1033.5,668.5,465.0,2167.0,VIP
AFNWJUWJRHCC6HN52KMG5AKZY37Q,1853,3,758.0,943.0,57.0,677.0,1677.0,Medium
AFNYIBWKJLJQKY4BGK77ZOTVMORA,604,1,1089.0,186.5,668.5,587.0,1442.0,Medium
AFO4M4BQ2WS7A3LPKJY45B5C7DYQ,861,1,259.0,354.5,668.5,947.5,1970.5,High
AFO7T5DJCA34LXNLPEMNTUPHBA3Q,682,1,6999.0,239.5,668.5,173.5,1081.5,Low
AFODI4XXHXHBFFUHK7N5LVKWEXTQ,529,2,11153.0,136.5,162.0,118.0,416.5,Low
AFOEBFZC6LMNNTBEC22LCUGEO5QA,751,1,238.0,287.0,668.5,969.0,1924.5,High
AFOGCVLE7W7ZM5OW3XW7JXCNSIVA,1353,1,139.0,695.0,668.5,1059.0,2422.5,VIP
AFOHB4M2RWSUQ3SSZWPMD2FPH6PQ,624,2,798.0,207.0,162.0,668.0,1037.0,Low
AFOPBEQ5YUOBWJ7TBDFITQFZSN3Q,2141,1,1699.0,1087.0,668.5,440.0,2195.5,VIP
AFOTDDBZZITX2HTAZ7HBQ3I4BZYA,1489,1,499.0,768.0,668.5,783.5,2220.0,VIP
AFOYOG3YKIOLPTLR3RZNRGUHHEAQ,559,1,699.0,160.5,668.5,695.0,1524.0,Medium
AFP334GQV3WBH6XJIX5VITMYOH2A,1075,1,770.0,533.0,668.5,675.0,1876.5,High
AFP5TMKVX6PTNYNMLHFCVDXCTN4A,486,1,299.0,98.0,668.5,913.5,1680.0,Medium
AFPHD2CRPDZMWMBL7WXRSVYWS5JA,1268,3,847.0,654.5,57.0,648.0,1359.5,Medium
AFPK3KEV3ZSEJ7K6U6C3LERQ2E7A,857,1,389.0,351.5,668.5,849.0,1869.0,High
AFPP23GZ4AVHPQZCTP3HRAABLJLA,1965,1,2698.0,1004.5,668.5,315.0,1988.0,High
AFPSO7EYQBYVEJGD4TAT7YFCM6UQ,1877,1,269.0,957.5,668.5,940.5,2566.5,VIP
AFQ5SND6JJSAXPAIZSEROSRORP4A,1076,1,809.0,534.5,668.5,650.5,1853.5,High
AFQEZSS2I5IGAKZY3Y3CGDZLCJIA,1561,1,16999.0,795.5,668.5,69.0,1533.0,Medium
AFQHWSQ7JR7VCM4SWXXIOB4V3VDA,1165,1,2299.0,596.0,668.5,357.0,1621.5,Medium
AFQJM63Q7OMAP62BP3TB4YQEZAXA,747,1,1449.0,285.5,668.5,493.5,1447.5,Medium
AFQKCEEEKXCOHTDG4WUN3XPPHJQQ,2132,1,13490.0,1082.0,668.5,100.0,1850.5,High
AFQRUDMIIMRA32Y3JBUQNWFREEUQ,1534,1,1495.0,783.0,668.5,485.0,1936.5,High
AFQRX6TAM6CHKARXIXR25X4Y2K2A,791,1,349.0,307.5,668.5,877.0,1853.0,High
AFQW4AC4GLYGQC4MXQWMGJM2FWRA,1888,1,298.0,961.5,668.5,924.5,2554.5,VIP
AFR4YULNFZZC5DJOWH2KNFAOM6BQ,406,1,149.0,43.0,668.5,1053.5,1765.0,High
AFR7B35PQ2DLHGMFBSCRIUUVLRWQ,1835,1,455.0,936.0,668.5,804.5,2409.0,VIP
AFRCI27IITJW4I7XDL5GNZUQPZTQ,1055,2,1327.0,516.5,162.0,525.0,1203.5,Low
AFREYXJZFUSZT7YHDJ4JOF67O6VQ,1490,1,12999.0,769.0,668.5,105.0,1542.5,Medium
AFRL737KHHDPUBLDGKMHQPVCG3SA,719,1,445.0,266.0,668.5,814.0,1748.5,High
AFRLBEKPIN22S4K4PBHUJ5PQPI6A,975,1,116.0,446.5,668.5,1074.0,2189.0,VIP
AFRMNW6TDHDZBP2UHF2K3MEAEYUA,660,1,8499.0,231.5,668.5,150.0,1050.0,Low
AFRONQAZPYZARLWLDQM2VXS7ZTIQ,1757,1,50.0,889.0,668.5,1100.0,2657.5,VIP
AFRQJEYVSY2LOMYVJL5BXH3RP23A,1231,1,419.0,637.0,668.5,820.0,2125.5,VIP
AFRT52TVMDMKOXEASI2BPC7TACFA,581,1,765.0,173.0,668.5,676.0,1517.5,Medium
AFRUZM3EU3T6M7HFW6MUXQKJBZCQ,425,1,293.0,54.0,668.5,926.5,1649.0,Medium
AFS3QBSOMCE2FAZFUYZ3NBFQDLMQ,1024,1,229.0,487.0,668.5,976.5,2132.0,VIP
AFSEOFZY67MYC7UAJU264Z5NFTLA,1605,1,970.0,822.0,668.5,616.0,2106.5,VIP
AFSEUS2I77MEWPOCPW77EOU6Y62A,381,1,1679.0,25.0,668.5,446.0,1139.5,Low
AFSII6HTAHTHGXERUNDOISNWZUNQ,491,2,16244.0,100.5,162.0,74.0,336.5,Low
AFSJHOXX5LIYZEVAMQ4SXKCYHWQA,1112,1,3710.0,554.0,668.5,243.0,1465.5,Medium
AFSMISGEYDYIP3Z42UTQU4AKOYZQ,686,4,49363.0,243.5,20.5,5.0,269.0,Low
AFSSY7GGVWHL2TLE5ESRJXJJEK4Q,968,1,899.0,437.0,668.5,634.0,1739.5,High
AFSTSLQUV4EVEXWKBOLEFHL2H5YQ,806,3,1097.0,316.5,57.0,585.0,958.5,Low
AFSU7KWDY4KGQSFFCRXJ4IPJREAQ,411,1,2299.0,45.0,668.5,357.0,1070.5,Low
AFT36LVR44MBK7LQ2WQZOYCZUS2Q,1466,1,1448.0,752.5,668.5,495.5,1916.5,High
AFT4N4FD4G7EYIOZIYP6KBRGU66A,1072,1,1099.0,530.5,668.5,580.0,1779.0,High
AFTC5SKWCK3WMQKPPUNHEUCBJVLA,2104,1,1199.0,1071.0,668.5,558.0,2297.5,VIP
AFTCOTLY72MCSV5WHMHSZ67ZZG6A,1753,1,1799.0,884.5,668.5,424.5,1977.5,High
AFTFEMRWKEHE2R2QRRVOQFTETUUQ,1868,1,2399.0,952.5,668.5,348.0,1969.0,High
AFTIMMFTREPXAX7JBY4O4JOW7MSQ,689,1,799.0,246.0,668.5,659.0,1573.5,Medium
AFTNE6LMFIWK3AULQAUWK6LP2ZIQ,1029,1,2719.0,491.0,668.5,311.0,1470.5,Medium
AFTPXYKUNENYJVDOC55L2CJXPXFQ,2041,1,349.0,1033.5,668.5,877.0,2579.0,VIP
AFTVETL4HGH4KRUF4NXGJUEDPBAQ,667,2,5298.0,235.0,162.0,208.0,605.0,Low
AFU64BXF4ADZXV2SSZXAAAVLB7OQ,1053,1,2640.0,514.0,668.5,319.0,1501.5,Medium
AFU7BOMPVJ7Q3TTA4G67RASTGYIQ,1901,1,199.0,968.0,668.5,1007.0,2643.5,VIP
AFUAHYLSRN2FHN55BF4DN2KIACBA,801,1,2033.0,312.5,668.5,384.0,1365.0,Medium
AFUBGC56G63INVGIAA2OOMZDRLTQ,1694,1,1799.0,864.0,668.5,424.5,1957.0,High
AFUGIFH5ZAFXRDSZHM4QB2KPKFUQ,1814,1,599.0,922.0,668.5,738.5,2329.0,VIP
AFUOTYRFUXVPEBGIXVZZ7DR3CZUA,1559,1,99.0,793.5,668.5,1082.0,2544.0,VIP
AFUQWSUM2FGNLHU45YUKN3QAEFHQ,413,1,8599.0,47.0,668.5,147.0,862.5,Low
AFUR3EWCD6OMWNI7EGYK62PDJL6Q,1096,1,2079.0,545.0,668.5,381.0,1594.5,Medium
AFURD6VVHRG4HZ36KXGXYUTVUDLA,1519,2,1156.89,778.0,162.0,571.0,1511.0,Medium
AFUS52CHEA75E2YGQ6SYGP3PKBGA,513,2,704.0,123.5,162.0,689.0,974.5,Low
AFUSP4NL7DIIS7CADTLDHGFLNOMQ,426,1,149.0,55.5,668.5,1053.5,1777.5,High
AFUT7ANZTZYGLXU65EQ2D5OP6UMA,428,3,710.0,57.0,57.0,688.0,802.0,Low
AFUU5Q42TD7WLXRGKOBMRGUZWRFQ,1349,1,899.0,694.0,668.5,634.0,1996.5,High
AFUV6WMMWSY6UM3P6ATQ6SME3H7A,1721,1,1599.0,873.0,668.5,459.5,2001.0,High
AFUYCL7FL7ZSW4J7EI5DHXNR7NSQ,1202,1,1399.0,616.5,668.5,507.5,1792.5,High
AFUYGZVKVTGAEIOV2UCYF5JPXSCA,656,1,3999.0,229.5,668.5,231.5,1129.5,Low
AFV56MGUGR7UTIGTA35IS5TUVXHA,1230,1,1464.0,634.5,668.5,491.0,1794.0,High
AFV5W5BR6PKGHPIG3J6TNFK7BSXQ,1598,1,299.0,815.0,668.5,913.5,2397.0,VIP
AFV7ZA733ZLME4KNLZPMPCBUNPPA,1286,3,2273.0,660.5,57.0,360.0,1077.5,Low
AFVD66VQMSHPDT3A6HBBBGKRXBZA,996,2,34042.0,460.5,162.0,19.0,641.5,Low
AFVGMSHRL5NQJERZVEKY4JTQ26VQ,520,1,1529.0,128.5,668.5,466.0,1263.0,Low
AFVHCWF76EOX4NMKE2ZUU67CEOBQ,2139,1,13999.0,1086.0,668.5,93.5,1848.0,High
AFVHKKOI25DAQSETPL7Z5W5SIVUA,415,2,1248.0,49.0,162.0,546.0,757.0,Low
AFVIPOPKMOCVCX3CMXUJHMWDIMGA,498,2,8764.0,108.0,162.0,145.0,415.0,Low
AFVKECCQ756MXVGQDFS3JMEKXUMQ,1672,1,999.0,847.0,668.5,602.0,2117.5,VIP
AFVNMGQ2XHQL55BFESLIHGPCW6LA,694,1,335.0,251.0,668.5,891.0,1810.5,High
AFVPAVVA7NTHCLGMLLSGV56WS42Q,872,1,1799.0,364.0,668.5,424.5,1457.0,Medium
AFVQ5YGAAENELAHUFPH2MAVYIWTQ,1118,1,599.0,558.0,668.5,738.5,1965.0,High
AFVUB7JIZ754R5LHBFCOBLWFL67A,1573,1,4999.0,801.0,668.5,211.0,1680.5,Medium
AFVZXMXYRXVM3VBDLGX45W34GQ4Q,559,1,1439.0,160.5,668.5,498.5,1327.5,Medium
AFW2YA3CWHADWVPZJRCSYJJ2O3YA,1408,1,379.0,723.5,668.5,854.5,2246.5,VIP
AFW6NV5N3FUXV3CNUACPSYC5AB3Q,1052,3,19497.0,511.5,57.0,58.0,626.5,Low
AFWD4ZTM7473CDWARHCDQKK73MTA,1059,1,7299.0,520.0,668.5,170.0,1358.5,Medium
AFWFYPM37ORBVNKGLW4EETQML7TQ,1152,1,1199.0,586.0,668.5,558.0,1812.5,High
AFWGX2JJIVSYWDL5QHQ3TLM3IIDA,1855,1,499.0,946.0,668.5,783.5,2398.0,VIP
AFWJSD4AVIM6DC3YA63G2QPENQSQ,843,1,599.0,340.5,668.5,738.5,1747.5,High
AFWKYTQRPXNGB7RII7ZH7EABC7EA,1012,1,1349.0,475.5,668.5,521.0,1665.0,Medium
AFWOTSQXCQJLZ653Y7ACEZADKGYQ,649,1,339.0,227.0,668.5,888.5,1784.0,High
AFWQRBBVJWYTYUFQHUJE63S6VXJQ,1731,1,350.0,877.0,668.5,870.0,2415.5,VIP
AFWW4UEXAJH7EAB5LTMKMSGLUN2Q,393,1,29999.0,35.0,668.5,31.0,734.5,Low
AFX5NHAAOUKKENAT6GWNKY3X5YTQ,1678,2,391.0,850.0,162.0,846.0,1858.0,High
AFXDOEANKNDY342TWIUJUYEU55IQ,1187,1,5299.0,607.0,668.5,207.0,1482.5,Medium
AFXO2ER7GFIH4WDPPZX6LRZX3X7Q,2094,1,289.0,1067.0,668.5,928.0,2663.5,VIP
AFXQ3YGENWMRX36NXEBSR2ROPG5Q,1601,1,1799.0,819.5,668.5,424.5,1912.5,High
AFXQSBDW6232K22UMJWF5PMYX5RQ,1639,1,1399.0,834.0,668.5,507.5,2010.0,High
AFXWZKJCBIHCQFOR2RFYUE7UQDSA,448,1,399.0,69.5,668.5,831.5,1569.5,Medium
AFXYY4Z4QM34XOLVVYKZSNZGBBBA,1954,1,799.0,997.5,668.5,659.0,2325.0,VIP
AFY34GSLURN6WLMJGFOGI5R2B6LA,806,1,809.0,316.5,668.5,650.5,1635.5,Medium
AFY3G76SQQTSCLM7WVE3JWFEP5DA,1288,1,1999.0,662.0,668.5,390.0,1720.5,High
AFY5TVFOMVHGBPBTIJODYDQRZM5Q,1470,3,623.0,755.0,57.0,728.0,1540.0,Medium
AFYCBABBI2GCQRSCKIRHPLQNO72A,1162,2,1788.0,594.0,162.0,435.0,1191.0,Low
AFYFP2TSUS4LLHR6CY5NJQZZIG7Q,549,1,499.0,152.0,668.5,783.5,1604.0,Medium
AFYFQI7B55R5LXO2D3JPD6FBNUCA,805,1,150.0,314.5,668.5,1049.5,2032.5,High
AFYQPTD6YGHPLNTGAOUBK6JTRVTA,1943,1,1804.0,993.0,668.5,416.0,2077.5,VIP
AFYR53OTBUX2RNAKUZHUJ4RFJJNQ,925,1,42999.0,402.5,668.5,11.0,1082.0,Low
AFZ5KWM4MSPU25YIO2CYGGSNYV6Q,474,1,599.0,88.0,668.5,738.5,1495.0,Medium
AFZ7US7H622UBLYL4ZX2XEHT7FHQ,1820,1,169.0,925.5,668.5,1040.0,2634.0,VIP
AFZBEV4BOWGRSEH2PK7D65ZW66PA,1820,1,899.0,925.5,668.5,634.0,2228.0,VIP
AFZHLQMILG47ZESR5TLNB5QK66HQ,1319,1,99.0,677.0,668.5,1082.0,2427.5,VIP
AFZIZOK5KDBOB5QCHUQRR2ZWUYKA,851,3,2743.0,346.0,57.0,309.0,712.0,Low
AFZL3ATLXN5TG5KBUMLEY2ABSMWA,740,1,889.0,280.0,668.5,640.5,1589.0,Medium
AFZPH7ZAWX5VDY3HOBNYRDGIDBVA,1316,2,12898.0,675.5,162.0,109.0,946.5,Low
AFZS6H2ZFJEJHRWIJ3IYL7V6KRPA,1166,2,3648.0,597.0,162.0,246.0,1005.0,Low
AFZSC27UUKDN5VYQVMAPYZNQTULA,2000,1,24990.0,1020.0,668.5,41.0,1729.5,High
AFZSMXS2MILXOSTT2ZEJDE3W7TLQ,1013,1,119.0,477.5,668.5,1072.0,2218.0,VIP
AFZWM3VVEIMWNFSTQNIUSWJ324KA,1825,1,600.0,929.0,668.5,730.5,2328.0,VIP
AG2Q7FISK54KBSPHF7CNNGZ3GLNA,1650,1,1799.0,838.0,668.5,424.5,1931.0,High
AG322TYKVPLPBDXE7ABEUK5QTALQ,463,1,230.0,78.5,668.5,973.0,1720.0,High
AG34JWBUWQ3VHVME53EOCLAPIZ4Q,533,1,189.0,140.5,668.5,1025.0,1834.0,High
AG36G3XPHERLKRDG7XYQ2IWJWPIQ,1440,2,3098.0,744.5,162.0,283.0,1189.5,Low
AG3D6O4STAQKAY2UVGEUV46KN35Q,618,5,3895.0,200.0,8.5,236.0,444.5,Low
AG3H2NL3BTX4M4VD4NMTQ4VBKF6A,1685,1,499.0,858.5,668.5,783.5,2310.5,VIP
AG3J2PDHKL63SV6RT5SZKPHEJM7A,646,1,498.0,224.5,668.5,795.0,1688.0,Medium
AG3NMRPAMYUG6GWM4J2RLJHFIBVQ,494,1,269.0,102.0,668.5,940.5,1711.0,High
AG3TB7ROWWPT3OD5SN5ZVSBYZ2NA,637,1,599.0,219.0,668.5,738.5,1626.0,Medium
AG3XBWOAL65DJSBHJ7LQ2K54HJKQ,787,1,149.0,306.0,668.5,1053.5,2028.0,High
AG42FZDSEYZOQV7FJMK7BTG3Z2BQ,1842,1,199.0,938.0,668.5,1007.0,2613.5,VIP
AG44ZU44LAA7BHECDW5VB2ZMEP2A,1332,1,2199.0,684.5,668.5,369.0,1722.0,High
AG46FAHE6KV3OQCLJYKRDZWNNYGQ,971,1,12999.0,440.5,668.5,105.0,1214.0,Low
AG47CSNDLDSLE7BQWBCUPL4IMBZQ,1217,1,199.0,628.5,668.5,1007.0,2304.0,VIP
AG4E4F2EYMDWT5COA2MPYFF3DY2A,1682,1,699.0,855.0,668.5,695.0,2218.5,VIP
AG4IENR3HNMEINBTJS3PET6VQY3Q,2050,1,649.0,1039.0,668.5,716.0,2423.5,VIP
AG4LMDCRAAKD4U2FZ6B6N75KTHXA,491,1,339.0,100.5,668.5,888.5,1657.5,Medium
AG4MIJFPUX7ACHTA37OTFR2POWAQ,1137,1,729.0,574.0,668.5,683.0,1925.5,High
AG4NQECOQ6XL3YXY2ARSILF65W6Q,935,1,247.0,412.5,668.5,964.0,2045.0,High
AG4OGOFWXJZTQ2HKYIOCOY3KXF2Q,611,5,30960.0,192.5,8.5,29.0,230.0,Low
AG4T75DAKCNZ6EPYPMKBGV6J54JQ,442,1,182.0,64.0,668.5,1029.0,1761.5,High
AG4TU4LCQXF2XTLMMGMFTNWL3OOA,698,2,1998.0,253.5,162.0,395.0,810.5,Low
AG4ZEZKMSPQD52MAAXWEB2PVXJ2Q,1561,1,397.0,795.5,668.5,843.5,2307.5,VIP
AG54MN24SX3EMMON4AMBUNL74K3Q,1394,1,467.0,714.0,668.5,803.0,2185.5,VIP
AG55XGEMTFKS7BXQTNFKHFTMMW5A,1062,2,2691.0,523.0,162.0,318.0,1003.0,Low
AG5DWPD54QGSLWJ6QUFERLPNAX4Q,373,5,3771.0,15.5,8.5,241.0,265.0,Low
AG5HTSFRRE6NL3M5SGCUQBP7YSCA,651,3,2343.0,228.0,57.0,353.0,638.0,Low
AG5LI22SGAIXYZAJXUDGHUQXIKOA,936,1,1260.0,414.0,668.5,543.0,1625.5,Medium
AG5LTALCLRJRNBK3W4P5EODKPLSA,997,1,980.0,462.0,668.5,611.0,1741.5,High
AG5VQTV5OVY2Q42ZQPWXTRU2PSLQ,1230,1,2699.0,634.5,668.5,313.0,1616.0,Medium
AG633F2HW3BKLPJU3JCTLLLHWBHQ,1135,1,1500.0,573.0,668.5,470.0,1711.5,High
AG67C3ZJMVIGQPZOJS5PISM3QF6A,582,2,1458.0,174.5,162.0,492.0,828.5,Low
AG6CREU25N6P2H7RCHNIU6GGJ5BA,1408,1,239.0,723.5,668.5,967.5,2359.5,VIP
AG6CUGEEGHQL2ZZ3VHASUJTHLORA,1874,1,698.0,956.0,668.5,701.5,2326.0,VIP
AG6GKJFYOVO2OJCRV73FBUIBAJLQ,1903,1,119.0,969.0,668.5,1072.0,2709.5,VIP
AG6MBOHY6DAS5HA35XTBSFMJZKPA,1858,1,5999.0,947.5,668.5,194.0,1810.0,High
AG6U2ZW7UGA562DK4W6NVANEMKDA,631,1,399.0,214.0,668.5,831.5,1714.0,High
AG6WSLLXZY52HSQUY5PRCXTCYQYQ,508,3,2997.0,118.5,57.0,293.0,468.5,Low
AG6X53SP2LB733ON4RXI3T7Y354A,1202,2,1448.0,616.5,162.0,495.5,1274.0,Medium
AG7BWK54SGYY2Z2QHMB5VD2JXDJQ,601,1,2339.0,184.5,668.5,354.0,1207.0,Low
AG7C6DAADCTRQJG2BRS3RIKDT52Q,691,1,399.0,248.0,668.5,831.5,1748.0,High
AG7F66F724JZ2HIJQY7NOU5M5D2Q,1095,2,2256.0,543.0,162.0,361.0,1066.0,Low
AG7KTA6KY5FALZELPIEMQBXP6TYA,1697,1,129.0,865.0,668.5,1066.0,2599.5,VIP
AG7NSYRU3ZSMSIKJT6P4YIFO6QOA,1142,1,351.0,578.0,668.5,868.0,2114.5,VIP
AG7POKBSWQUO4VOYD4HDWYKMMJ4Q,636,2,2116.0,216.5,162.0,377.0,755.5,Low
AG7QMBEFFY2LJJKKEVWMJU2BMNRQ,2015,1,3999.0,1026.5,668.5,231.5,1926.5,High
AG7TJLDLH3HOUPRBUFW6KNUEGO4A,1019,1,1699.0,483.5,668.5,440.0,1592.0,Medium
AG7XYZRCSKX6G2OLO7DVZWIZ3PUQ,616,2,579.0,196.0,162.0,751.0,1109.0,Low
AG7ZAJNX4XZ5LTA4NLWBHTCX2V5A,1462,1,239.0,749.0,668.5,967.5,2385.0,VIP
AGA2PZGWMQIRA46VYOTICFE7KCBA,1153,1,1799.0,587.0,668.5,424.5,1680.0,Medium
AGA5INGXTDEODK7X55L4WXF6DJNQ,1983,1,130.0,1014.0,668.5,1064.0,2746.5,VIP
AGACKHUULXIV2SLNKKA6GWQOP7JQ,1100,1,570.0,547.0,668.5,755.0,1970.5,High
AGACLGW4IBQOHLA6UJBIUNGVBRMQ,1509,1,2179.0,776.0,668.5,372.0,1816.5,High
AGAFYHMPFGVPR3MOS4QAZLAWPW3A,445,2,20398.0,67.5,162.0,55.0,284.5,Low
AGAI5NULVI4W3QO5HBFOWS5S6TDQ,989,1,2219.0,455.0,668.5,365.0,1488.5,Medium
AGAKDNBHY2FKX7I4ACRGILU7QL7A,762,3,19338.0,292.0,57.0,59.0,408.0,Low
AGASCT5TE6VHAHRFTOBANIS3CEIA,1129,1,379.0,566.0,668.5,854.5,2089.0,VIP
AGAUULKME2K6WYOHPLL5XT5XLQGA,904,1,13999.0,388.5,668.5,93.5,1150.5,Low
AGAVEOWLSMUI7WPD3OHUVNHQ233Q,499,1,395.0,112.0,668.5,845.0,1625.5,Medium
AGAXJLX3K3I7WQKQA4Q4NT2IJ2WQ,698,1,1999.0,253.5,668.5,390.0,1312.0,Medium
AGB7DCNVNZ4VY6G33RD333OROE2A,1044,1,3299.0,505.0,668.5,265.0,1438.5,Medium
AGBA37OJDBIONSXA6OYI5TCIQSUQ,1755,1,1199.0,886.0,668.5,558.0,2112.5,VIP
AGBA6KKPYVJU2TU52GK575YXMSCA,1052,1,979.0,511.5,668.5,612.5,1792.5,High
AGBUVENL47YJ3NJFQJS2MKZC7NKA,1063,1,1490.0,525.0,668.5,486.5,1680.0,Medium
AGBX233C7B7D7YZEL7ZLFWMQKFDQ,975,1,179.0,446.5,668.5,1032.5,2147.5,VIP
AGCBWB4YSTCDFAERTYIJ52KVW6EQ,1777,1,1999.0,900.5,668.5,390.0,1959.0,High
AGCRCU432TIF4J2EL7GBEWOIULGQ,620,3,1433.0,201.0,57.0,500.0,758.0,Low
AGCRWRS4RJYVGVKINV3VAR4CGDWA,1007,3,15588.0,472.0,57.0,78.0,607.0,Low
AGCX23QVQFBCYCAUWQNM4YHMKMQA,1235,1,10499.0,641.0,668.5,122.5,1432.0,Medium
AGD2H2SMDLQK62MH7BFWQ2INBP2A,1873,1,479.0,954.5,668.5,798.0,2421.0,VIP
AGD3F3J523RVZPEJGZE7WPFJXONA,484,1,99.0,94.0,668.5,1082.0,1844.5,High
AGD7VGYGPRKMQY3XXC4U3XIDF5CQ,2082,1,1499.0,1058.0,668.5,477.0,2203.5,VIP
AGDEVIAYABTMIJLTYWTUS5M5VBTA,1011,1,1299.0,474.0,668.5,533.0,1675.5,Medium
AGDFLPE27MVR57QZ5JFVGQXDDKSA,869,1,9970.0,361.0,668.5,129.0,1158.5,Low
AGDK7O4R637II4QUCKENDONJGV4Q,495,1,1624.0,103.5,668.5,452.0,1224.0,Low
AGDOSBSPQWBNRA3G4IV3YWOVIOXQ,1036,1,1990.0,496.5,668.5,398.0,1563.0,Medium
AGDOV2OBW4Q2SW6IIJIZNVB76TXA,401,1,4799.0,36.0,668.5,215.0,919.5,Low
AGDOVGWZKEQ3M6DA2GHV6WUZT5SA,1472,2,798.0,756.5,162.0,668.0,1586.5,Medium
AGDQOOPS6XJBBWHH34E4NJJUCN6Q,1323,1,1499.0,680.0,668.5,477.0,1825.5,High
AGDR4WFX53YFXTBXAHC65MMBDERA,1110,1,299.0,551.5,668.5,913.5,2133.5,VIP
AGDWLF5AV4ORJG6IXPD65BSQ4WHQ,1435,1,1349.0,741.0,668.5,521.0,1930.5,High
AGE6O2NLNA3NUGORPU4SDK2S23QQ,611,1,37990.0,192.5,668.5,13.0,874.0,Low
AGEJSKUSIVTSJWJU7VP34MUN2TAQ,683,1,1299.0,241.5,668.5,533.0,1443.0,Medium
AGELSEJKLWPVNPXQ7DGK63PEQF5A,734,2,2788.0,278.5,162.0,307.0,747.5,Low
AGEOQQHGNELZNEUKJAJUA7NTPBLA,1702,1,799.0,868.0,668.5,659.0,2195.5,VIP
AGEPZSRFODWZ4XUTXO2HNWLJIMJA,2150,1,1109.0,1092.0,668.5,576.0,2336.5,VIP
AGEUQD256CS42A6PDKDB75VZRADA,1599,1,279.0,816.5,668.5,932.5,2417.5,VIP
AGEUXHN7U2Q26CM6TFOTW7GZXFXQ,707,2,798.0,259.5,162.0,668.0,1089.5,Low
AGEYWCB2JWQR7C3RF2SEK26PTK2A,972,1,970.0,442.5,668.5,616.0,1727.0,High
AGFEJBFF3L7ZFO3MWAWARDIZZ4QA,1769,2,628.0,897.0,162.0,726.5,1785.5,High
AGFJSRWCBODKCJT6UZRNZJGS7REA,484,1,190.0,94.0,668.5,1024.0,1786.5,High
AGFN3SLEECW6DYL2CVGLIHJCVVHA,1576,1,10999.0,802.5,668.5,119.0,1590.0,Medium
AGFR664PXRCRSQRQDL24BDLOAQSA,1428,1,18999.0,736.0,668.5,61.5,1466.0,Medium
AGFSVYPXDMWJWF53N4TWY3SNOA2A,2015,1,2280.0,1026.5,668.5,359.0,2054.0,High
AGFTWXF3QWIHMPN7SMTSHB6HNJ7Q,2045,1,699.0,1036.5,668.5,695.0,2400.0,VIP
AGFWXRZUB5TYEIPWSULPTK7LHSYA,947,1,749.0,425.5,668.5,680.0,1774.0,High
AGFX4BFHOC6FXDFPD2O24RCD32NQ,2154,1,16999.0,1093.0,668.5,69.0,1830.5,High
AGG22XY7PCKPZDT6352IVLL2H34A,743,1,300.0,282.0,668.5,903.0,1853.5,High
AGG2AULXZCI6G44ST3BNAHRWDR5Q,1868,1,699.0,952.5,668.5,695.0,2316.0,VIP
AGG44FGU5A2RZMRCILNFIV6SCYDA,884,1,599.0,370.5,668.5,738.5,1777.5,High
AGG75KFRXNLCYVRAPA6D4ZBNTNSA,2171,1,1099.0,1101.0,668.5,580.0,2349.5,VIP
AGGBXJFPXZVOJMMB6MMQOPLCJWGA,610,2,1098.0,191.0,162.0,584.0,937.0,Low
AGGE54AKRMX2XMQWQQTSUOPL7CHA,1929,1,115.0,985.0,668.5,1075.5,2729.0,VIP
AGGEFVVI6ZRLVEJHVX6PO5M4CWRA,1438,1,999.0,743.0,668.5,602.0,2013.5,High
AGGFXDLCFZMTLJJDR3ZFKEOXCFLQ,1411,1,775.0,727.0,668.5,673.0,2068.5,VIP
AGGGM5HE2PLQKZV33JOD6K2TYPQQ,364,1,799.0,7.0,668.5,659.0,1334.5,Medium
AGGHDE6KFZHEDUDJBD5R27AYMEWA,1370,1,228.0,700.0,668.5,979.0,2347.5,VIP
AGGI2H2AGOIX6IBDJRWULYUP5DPQ,1829,2,2444.0,931.0,162.0,345.0,1438.0,Medium
AGGKMIGXUM3JRNVY7HZ3JHPJ7WTQ,856,4,7662.0,349.5,20.5,164.0,534.0,Low
AGGNPDA4Y5XGITWNNOOODFOYXUDA,1557,1,1799.0,792.0,668.5,424.5,1885.0,High
AGGQ72HVXMSQN3ZPGCFUB47QYUVQ,1965,2,7363.0,1004.5,162.0,168.0,1334.5,Medium
AGGRC2P6M43GDEWCAHGYAILCSKTQ,1272,2,31339.0,656.5,162.0,27.0,845.5,Low
AGH36QL5SGTNWTOYS6O2342SONMA,1028,1,4280.0,489.5,668.5,227.0,1385.0,Medium
AGH3POHLPXABF3I4ASSGTRXAUPPA,369,1,349.0,11.0,668.5,877.0,1556.5,Medium
AGHGLXUVEHN4NFA3CCYIUFWBIC4A,1344,1,15499.0,690.5,668.5,80.5,1439.5,Medium
AGHKFSJFKP7E3JJOXV3C6UPGZKQA,1126,1,499.0,564.0,668.5,783.5,2016.0,High
AGHPERSZ5ZUKU6VDRTYPQ3IOGQUQ,832,1,999.0,334.0,668.5,602.0,1604.5,Medium
AGHPFBXJ7QGWVIHXEUBS5Z7F52WQ,1006,2,1443.0,470.5,162.0,497.0,1129.5,Low
AGHPOFCHZ73Q2Q2IFTCJLUSEL2NQ,473,2,1248.0,86.5,162.0,546.0,794.5,Low
AGHRDOQP7F74DK6KEXSY2NLLKZVQ,1586,1,6499.0,809.0,668.5,182.0,1659.5,Medium
AGHUNVKMP4YTSSYUDMEX3JJJ5I3Q,1302,1,3999.0,667.0,668.5,231.5,1567.0,Medium
AGHWZ6VIDNDWZOTO6YROX62J5CGA,388,1,1799.0,31.0,668.5,424.5,1124.0,Low
AGHYCMV7RJ5D76UEZDZJPPEUGU5Q,1935,1,129.0,991.0,668.5,1066.0,2725.5,VIP
AGHYPI3NVH2LTDBF4N7QXV5CQEVA,1064,1,159.0,526.0,668.5,1043.5,2238.0,VIP
AGI2Y5SCA6G6LPHLNAJOLCNAMEJQ,1498,2,1398.0,771.0,162.0,513.5,1446.5,Medium
AGIAEJN4RPI6Z5ABV733VJMBUZLA,1121,1,699.0,560.0,668.5,695.0,1923.5,High
AGIBHP2JIWGT67DQJYQTYMAXKTQA,557,1,149.0,158.0,668.5,1053.5,1880.0,High
AGIC6PASSVB4T3KTZHK6ADD23GCA,1472,3,387.0,756.5,57.0,851.0,1664.5,Medium
AGICMMOTS42OFSDTZOVJ4C5P3LEA,870,1,1399.0,362.0,668.5,507.5,1538.0,Medium
AGIJABWDG4M75P6SIANOPH6CGIVQ,896,1,499.0,379.0,668.5,783.5,1831.0,High
AGIJM2HE6GKI3I75OJ7PODHPP67Q,1988,1,199.0,1016.0,668.5,1007.0,2691.5,VIP
AGIQ5Y7Q4MKZ542KKVFZLAIZV6GQ,575,1,249.0,171.0,668.5,957.5,1797.0,High
AGJ23TWSY6YFMAVSEAOAUEWO4QLQ,531,2,33219.0,138.5,162.0,20.0,320.5,Low
AGJ2XZ2PPFHMYQ54KPSUGDLHTOIA,1236,1,2320.0,642.5,668.5,355.0,1666.0,Medium
AGJ4SX7KMBI7JTCLN2M2NDKHLBYQ,996,1,1414.0,460.5,668.5,501.0,1630.0,Medium
AGJOGZAGBMX7PBCUAILD2YIM5MAA,640,1,6299.0,221.0,668.5,185.5,1075.0,Low
AGJRCXYSPMLOJNP22GLBKWRCYDYQ,608,1,2499.0,189.0,668.5,335.5,1193.0,Low
AGJS36PNW27URDEUJGCT2OLR3Z6A,1156,1,199.0,591.0,668.5,1007.0,2266.5,VIP
AGJX72ZLJFKML3LS6N7WXRA4RF3Q,857,1,664.0,351.5,668.5,708.5,1728.5,High
AGJYG6ZWCWD74WNE6Y37XZ2VUSMA,1923,1,9999.0,981.0,668.5,127.5,1777.0,High
AGKBVK7XMXHCSEHT2ENTPCTVRBIA,1028,1,480.0,489.5,668.5,797.0,1955.0,High
AGKCX7P476LO5R2Q3HYVXO2BCSFQ,665,1,378.0,233.5,668.5,857.0,1759.0,High
AGKFJL7J7K55WKEOE2PSU5WEXEAA,1511,1,1234.0,777.0,668.5,549.0,1994.5,High
AGKG3U55NSBTQ4QBDCGLUGSEEICA,1861,1,77990.0,950.0,668.5,1.0,1619.5,Medium
AGKGXJAEWW2YJUFZPBBJMTXB5JCA,761,1,850.0,290.5,668.5,644.0,1603.0,Medium
AGKLZ4SUHAU47KJXDVHBBEWJODUA,1662,1,347.0,844.0,668.5,885.0,2397.5,VIP
AGKNFVSMZCSEFHPASWFBOIYKRZJA,1593,2,1336.0,811.0,162.0,523.0,1496.0,Medium
AGKNJPIVMVEHKL6ZFBAQ3CTFZ2KQ,1286,1,1889.0,660.5,668.5,408.5,1737.5,High
AGKQKPUOEC3LQR7GHBQYAHPTU4SA,463,2,2489.0,78.5,162.0,340.0,580.5,Low
AGKSW3FNH3REYN3OKPKJN4KWXLMQ,1189,1,1799.0,610.0,668.5,424.5,1703.0,High
AGKURQGQGENCRFFBWSO32XS4ZGZQ,542,1,717.0,147.5,668.5,686.0,1502.0,Medium
AGKZVBLHK472MSGAAUABFRZL7SYQ,979,2,2348.0,451.0,162.0,351.5,964.5,Low
AGL76XCJ2EWY36ABPD25DHZRMQMA,1425,1,2599.0,732.5,668.5,323.5,1724.5,High
AGLH5KPYCT4MGPQ34MNWKLR6NXEA,410,1,1049.0,44.0,668.5,592.5,1305.0,Medium
AGLKEDKY645GZ33OFGXHPWWFLXOA,1846,1,154.0,939.0,668.5,1046.5,2654.0,VIP
AGLKKKJCKHZ32S7MCK46JWDZ2A3A,479,1,1299.0,90.0,668.5,533.0,1291.5,Medium
AGLLHPCKRL6U2U6U5XXMJ4V6ANHQ,630,1,1499.0,212.5,668.5,477.0,1358.0,Medium
AGLP2ACOBJSBZ276KMDD733NQQFA,890,1,1399.0,378.0,668.5,507.5,1554.0,Medium
AGLVW6SUWTW35HT5AYQR4CKA5IOA,1264,1,1990.0,653.0,668.5,398.0,1719.5,High
AGLWM3KQXUEEG5QUPOMKI72IIOZQ,901,1,3199.0,384.0,668.5,275.0,1327.5,Medium
AGLZGGJLEO2WGEMX4KZCFNEJX64A,2148,1,185.0,1089.5,668.5,1026.5,2784.5,VIP
AGLZUIR2UEQJFHZ6KGUGFYPYINNQ,1440,1,249.0,744.5,668.5,957.5,2370.5,VIP
AGM4RYZ46NPKH7I2SDZXAUHSB52A,1822,1,1815.0,927.0,668.5,415.0,2010.5,High
AGM52TVEKBJENHQAN4Q22ODCL5AA,1131,1,2169.0,568.5,668.5,373.0,1610.0,Medium
AGM6RW6V2RSFD5F6ILCN44YX4Y7Q,1046,1,10099.0,507.0,668.5,126.0,1301.5,Medium
AGMG74N6WQGI376W7GEJJ4XD3ARQ,1003,1,139.0,468.5,668.5,1059.0,2196.0,VIP
AGMHQJ2A77R33DA4XP3ZHYOMOTHQ,1686,1,89.0,860.0,668.5,1091.0,2619.5,VIP
AGMJ6TDLOVZIR5ZU65TLJFSLG2BQ,885,1,1199.0,373.0,668.5,558.0,1599.5,Medium
AGMLLOV22EXPBNLF6VLGFTSABHHA,946,1,351.0,424.0,668.5,868.0,1960.5,High
AGMQDZGGSEBXX4KBJOBAGIFI36OA,2045,1,154.0,1036.5,668.5,1046.5,2751.5,VIP
AGMUJCTMBNQBOGHL6UPSSF4KSNUA,1723,1,13490.0,874.5,668.5,100.0,1643.0,Medium
AGMWSX5A6BMRWUFEIC4KPWXAJ4YQ,1691,1,199.0,863.0,668.5,1007.0,2538.5,VIP
AGMXRWYEJX5URWOJFL6BVNS33A4Q,1253,1,3179.0,649.0,668.5,281.0,1598.5,Medium
AGMXX5UGO3VXFAN2HOVYOWQYTRYA,1290,1,44999.0,663.0,668.5,10.0,1341.5,Medium
AGN2VH6RTYG5CM3YVH34VGYJFO4A,975,2,678.0,446.5,162.0,704.5,1313.0,Medium
AGN5DA5YJ2ZNRT47PCFQTDEDEHNQ,1958,1,1190.0,1000.5,668.5,567.0,2236.0,VIP
AGNGZAPY5HMB7OOQAXQ3MH5OLVSA,1104,1,2599.0,549.0,668.5,323.5,1541.0,Medium
AGNNWLEF6V57TKIFJM7SWHNFAIQQ,842,2,1649.0,338.0,162.0,450.5,950.5,Low
AGNONTMQDE5KLLDEEB57Z3C5WAEA,1496,2,63998.0,770.0,162.0,2.0,934.0,Low
AGNRJFR7GTAKNDLEQNVGQMRVURVQ,1500,1,649.0,772.0,668.5,716.0,2156.5,VIP
AGNXWXFWLOYZAYJ5PRIM2NB57E4A,1654,1,23999.0,841.5,668.5,44.0,1554.0,Medium
AGNYTWD4ORSSUWNGICU3TRNRMRIA,847,1,999.0,344.5,668.5,602.0,1615.0,Medium
AGO4OKG6KVBAAE52Q62JBKHRDFFQ,1297,2,1692.0,665.5,162.0,444.0,1271.5,Medium
AGOARJLTS744KQC3BTKT5KQVOJUA,1277,2,11209.0,659.0,162.0,117.0,938.0,Low
AGOCMOZJWGI5VHFT2RZLTQFZLKPQ,964,1,349.0,434.5,668.5,877.0,1980.0,High
AGOGMKLERURWSCD4RIH53WPEVTWA,1291,1,185.0,664.0,668.5,1026.5,2359.0,VIP
AGOKXS4TP2M6LTNG5HAEMLCKI2IA,622,1,499.0,203.0,668.5,783.5,1655.0,Medium
AGOMXFNBIQBEWLN4JDC65FDPTBDQ,1180,1,54990.0,601.0,668.5,4.0,1273.5,Medium
AGOWRLSBPAVLJONO6CNUFO3QABZQ,830,2,3415.0,332.0,162.0,260.0,754.0,Low
AGOXDFXDUHGRNK5JD2YNYIZ72AEQ,471,1,8499.0,82.5,668.5,150.0,901.0,Low
AGOYOKNFM75VNEGK3DSACVQ6CFUQ,1213,1,3299.0,625.0,668.5,265.0,1558.5,Medium
AGOYWHMRBO7PSZ7ZPV3UH243H6AA,780,1,90.0,299.0,668.5,1088.5,2056.0,High
AGP33PWKFF63FWCVM7D7LPQHFGLQ,1744,1,320.0,881.0,668.5,900.0,2449.5,VIP
AGPK7U5SHXBYBXEWBTRCIAZSB6LQ,489,1,399.0,99.0,668.5,831.5,1599.0,Medium
AGPLW74W3HJTC3ICBNN3R6MIHFMA,1119,1,899.0,559.0,668.5,634.0,1861.5,High
AGPOYBESW4JLTMELJLGMLV4JKJEA,707,1,426.0,259.5,668.5,816.0,1744.0,High
AGPWASWUND4PQYWAP6ICZEPQCWZA,2069,1,12999.0,1050.0,668.5,105.0,1823.5,High
AGQ55X6WU4XM455UMFRGQZ7RYEYA,1334,1,2799.0,687.0,668.5,303.0,1658.5,Medium
AGQCT5HPQJXUN2FVZNCBSEQIYDPQ,1427,1,12999.0,734.5,668.5,105.0,1508.0,Medium
AGQEYE3ZA7VXHMGDQLZM3VL7DNZQ,1934,1,749.0,989.0,668.5,680.0,2337.5,VIP
AGQKQGF2M565PCZ2RPUYM7HIWH3Q,729,1,1369.0,275.0,668.5,519.0,1462.5,Medium
AGQNVTJBYS6YFCNDPYBR3HDTR3AA,1012,1,2903.0,475.5,668.5,296.0,1440.0,Medium
AGQYGAK76B74HUWOOUOFTXH2LAZA,1409,2,4076.0,725.0,162.0,229.0,1116.0,Low
AGQYTSKE2UBYARZYRBADQMX6BJPQ,2010,2,7919.0,1024.0,162.0,161.0,1347.0,Medium
AGR6UE4GCJKWO64UOIRUNFUGTL7A,660,2,1068.0,231.5,162.0,589.0,982.5,Low
AGRLDCPA7VJZZTV4GUIODVQ3DTHA,1252,2,4489.0,648.0,162.0,222.0,1032.0,Low
AGRSOPDTA7U5B4WO5BHUCRZI5KRQ,1980,1,389.0,1011.0,668.5,849.0,2528.5,VIP
AGRT55DXEGF2EOL63HOKKKBB2KFA,1257,1,159.0,651.5,668.5,1043.5,2363.5,VIP
AGRVINWECNY7323CWFXZYYIZOFTQ,457,3,21415.44,75.0,57.0,50.0,182.0,Low
AGS3YC22FW2PCSH3I7ODDXETZ6BA,448,2,7298.0,69.5,162.0,171.0,402.5,Low
AGSEKYY3BOZSIPCZ3LHAML2SOC4A,840,1,3599.0,337.0,668.5,249.5,1255.0,Low
AGSGSRTEZBQY64WO2HKQTV7TWFSA,1122,1,1599.0,561.5,668.5,459.5,1689.5,Medium
AGSJLPK6HU2FB4HII64NQ3OYFFFA,743,1,379.0,282.0,668.5,854.5,1805.0,High
AGSJW5TCLJEKW4HAJAA4XRRNDAWQ,2062,1,129.0,1047.0,668.5,1066.0,2781.5,VIP
AGSMOEVIV64A236CLW3B5JHPYQIA,521,1,660.0,130.0,668.5,710.0,1508.5,Medium
AGSMSIDW4O7QLQGWYZQQMDHWGR4Q,798,1,799.0,311.0,668.5,659.0,1638.5,Medium
AGSV37DJ5QTUYOXFJNPD4W7GXVFA,2138,1,12000.0,1084.5,668.5,114.0,1867.0,High
AGT7YYJVUC6ZHRKQHVUQZMDNLXEA,390,3,3502.0,32.0,57.0,255.0,344.0,Low
AGTDD34Y77OB36JNYQWQDN7MHECQ,1002,2,10818.0,467.0,162.0,120.0,749.0,Low
AGTJ44UNO6K5X567YLQPYGN3TV4Q,1230,2,3148.0,634.5,162.0,282.0,1078.5,Low
AGTO2SOXJTD3K6T7WPUHCT6SUMKA,1502,1,999.0,773.0,668.5,602.0,2043.5,High
AGTTU64JMX722LYCN3SOWLFPKPAQ,1930,1,139.0,986.0,668.5,1059.0,2713.5,VIP
AGU3BBQ2V2DDAMOAKGFAWDDQ6QHA,1947,1,13999.0,994.0,668.5,93.5,1756.0,High
AGU76WKSU62DUNTPCMTC4FCUNRTQ,791,2,3698.0,307.5,162.0,244.0,713.5,Low
AGUAYQHARAKR2VZTRP276KAGETKQ,909,1,349.0,392.5,668.5,877.0,1938.0,High
AGUDFIEXE7SNZX63QNMDTVSNXB3A,377,1,5999.0,19.0,668.5,194.0,881.5,Low
AGUFRJ5TPSUUBZBNRWHDRJV4VMQA,552,2,878.0,155.0,162.0,642.0,959.0,Low
AGUGVM4ITHDG6NIND6XEJSQA5O2Q,358,1,4999.0,2.5,668.5,211.0,882.0,Low
AGUHOLJYG2HCK2BYPUP7F5VH23GQ,835,1,1299.0,336.0,668.5,533.0,1537.5,Medium
AGUJKURU5LKSDMIBLC2AYZHJZCHA,733,1,351.0,276.5,668.5,868.0,1813.0,High
AGULFHMPCHCL32WCIP4GEGWFVZEQ,1394,1,2499.0,714.0,668.5,335.5,1718.0,High
AGUQYXAUPX5VOWYZTIWXMUIGVGCQ,1545,1,549.0,787.0,668.5,761.5,2217.0,VIP
AGUR3CFYVZUMDJQIESKOIQOGV7AA,957,1,1499.0,429.0,668.5,477.0,1574.5,Medium
AGUUHLF34AIEIOE5KULXXVWKBCMA,801,3,2832.31,312.5,57.0,301.0,670.5,Low
AGUZMT2E4HNC5VF25OWLAUF6KBGA,1954,1,269.0,997.5,668.5,940.5,2606.5,VIP
AGV3IEFANZCKECFGUM42MRH5FNOA,533,3,17597.0,140.5,57.0,65.0,262.5,Low
AGVBLW36Z5EAOHMLSSU23UQMTUDQ,373,2,4398.0,15.5,162.0,226.0,403.5,Low
AGVIAQK2HQ47P7UVXHW2NBAEU7YQ,843,3,2247.0,340.5,57.0,364.0,761.5,Low
AGVLBEJH5PAT5HSTWGHSFXU5D5ZA,883,1,298.0,369.0,668.5,924.5,1962.0,High
AGVUE2NFN2MQEOQ4PR525B2ZI5PQ,2168,1,547.0,1100.0,668.5,765.0,2533.5,VIP
AGVXOHPJT64ZRYKHIDKVJSJGK6CQ,1474,1,519.0,759.5,668.5,770.0,2198.0,VIP
AGVZ57S4TZDMQTXR67SMTWQOOKRA,1719,1,39.0,871.5,668.5,1101.5,2641.5,VIP
AGW3NGXVSGUB34Q5V6ACANURQMGQ,1743,1,9499.0,880.0,668.5,134.0,1682.5,Medium
AGWFKE7RNP6EVC4JFLFSL76EEVVQ,843,1,32999.0,340.5,668.5,22.0,1031.0,Low
AGWIGDEMFIIUAOXYY2QATNBSUGHA,444,3,1618.0,66.0,57.0,453.0,576.0,Low
AGWXGUALH6VESAYTZGWBZBUDTWFA,1484,1,999.0,763.0,668.5,602.0,2033.5,High
AGX3GCRGFU4IHAJZRUP655EEGSQA,1753,1,299.0,884.5,668.5,913.5,2466.5,VIP
AGX46OTZ7C4VDXH4UA7ZAZIZUMYQ,708,2,3198.0,262.0,162.0,277.0,701.0,Low
AGX5ELLH3KJJ4CY2DJJOXDSOEI6Q,637,2,1066.0,219.0,162.0,590.0,971.0,Low
AGX5JLHABEDQENBZXYQGHW3ICZYA,915,1,3249.0,397.5,668.5,269.0,1335.0,Medium
AGXRGH7DLS3RVFS5KWU4PGR3H3GQ,1617,1,999.0,827.0,668.5,602.0,2097.5,VIP
AGXSFZZKVHNWYTRTFYE3O766ZHVQ,1204,1,998.06,618.0,668.5,609.0,1895.5,High
AGXTMB2XHZBEWZ2UIX7ODZ4XTU6Q,1756,1,799.0,887.5,668.5,659.0,2215.0,VIP
AGXW34DAO3AACVXOXNHT66PCBGQQ,808,1,3229.0,320.0,668.5,272.0,1260.5,Low
AGY65IJP7XREWO3GUDT46474CYKA,2066,1,649.0,1049.0,668.5,716.0,2433.5,VIP
AGY6OOO6NIXEY5CJIHB4LUUUQJLQ,1344,1,3299.0,690.5,668.5,265.0,1624.0,Medium
AGY7ZX7WDDSGAZJBPPS3MCIL7U7A,1627,1,2999.0,830.0,668.5,288.0,1786.5,High
AGYAPOCHJTBVSKV3GSONJ7VXL3PA,1646,1,979.0,837.0,668.5,612.5,2118.0,VIP
AGYEIMSVEDOLA2OV3DIOGX2IMCBA,432,2,3215.0,60.0,162.0,273.0,495.0,Low
AGYEJRMI35FOWDV7JK76YPMMQDDQ,501,1,15999.0,115.0,668.5,76.0,859.5,Low
AGYFSXQSHFHYAB4GM2SRCFCQBFQA,932,1,99.0,407.5,668.5,1082.0,2158.0,VIP
AGYHHIERNXKA6P5T7CZLXKVPT7IQ,674,5,31463.0,238.0,8.5,26.0,272.5,Low
AGYLPKPZHVYKKZHOTHCTYVEDAJ4A,976,1,399.0,449.5,668.5,831.5,1949.5,High
AGYSMAC6V6RFJJOHG2FIRPOZ6CSQ,1832,2,568.0,933.5,162.0,756.0,1851.5,High
AGYSVNZMQT5LOVKHSCYDE7OAPKVA,1806,1,7499.0,915.0,668.5,165.5,1749.0,High
AGYTCTSUZJJZTK2XVADTQI5MYUFQ,901,1,249.0,384.0,668.5,957.5,2010.0,High
AGYTSAUTXMOPROERNJPXNEB2XWNQ,714,1,209.0,265.0,668.5,991.5,1925.0,High
AGYYQY3SON5Q4UBPM5NWXQSSLCIA,1756,1,9199.0,887.5,668.5,137.0,1693.0,Medium
AGYYVPDD7YG7FYNBXNGXZJT525AQ,597,3,1313.0,182.0,57.0,528.0,767.0,Low
AGZJ7DR6QX66HBTFZ4IRO5RGM6VA,414,1,7799.0,48.0,668.5,163.0,879.5,Low
AGZOJCTR6UIB4LRZ4Y7HTXOXSKVA,1208,1,929.0,622.5,668.5,626.0,1917.0,High
AGZT5FACORYIGQP6G2H2CS6HEMTQ,862,1,649.0,356.0,668.5,716.0,1740.5,High
AGZT5PONY6EVMJE2FLZV6WDQJ4FA,1599,1,1799.0,816.5,668.5,424.5,1909.5,High
AGZU6C2XL3X2B4NEWLQJDSJ75QGA,1418,1,29990.0,729.0,668.5,32.5,1430.0,Medium
AGZXI6YFQBL7Y6ZH4JOLRETHVDYQ,932,1,2499.0,407.5,668.5,335.5,1411.5,Medium
AH2347WTE3DZ3TIZUB5LCLZPAYEQ,690,3,3997.0,247.0,57.0,234.5,538.5,Low
AH23AKG5YNJYJ4Y6OYI5H6UBQMLQ,1804,1,1295.0,914.0,668.5,539.5,2122.0,VIP
AH25HG24NISHLQPFOZA77WS5CUFQ,1813,1,2999.0,920.5,668.5,288.0,1877.0,High
AH2DFUHFTG4CKQFVGZSB4JHXSAWA,1156,1,213.0,591.0,668.5,988.0,2247.5,VIP
AH2MVSVVA6YZM7U4DBKDG2XBZM5Q,938,1,1799.0,417.5,668.5,424.5,1510.5,Medium
AH2WGV2PEBUTICRPBEEVKF24G5LA,373,3,20405.0,15.5,57.0,54.0,126.5,Low
AH2YUV5UZMGORXEBW3SJV4N3V2FQ,1934,1,499.0,989.0,668.5,783.5,2441.0,VIP
AH33YNJUF6TNUB2CJTLGAJX4G6DQ,1009,1,369.0,473.0,668.5,860.0,2001.5,High
AH3DODDCISNEXGUHYV4MRDQ3H36Q,2120,1,115.0,1075.0,668.5,1075.5,2819.0,VIP
AH3LHRL5P4YAVOQQCH72G2PJFXSA,1328,3,5287.0,682.0,57.0,209.0,948.0,Low
AH3ZH5IE4MTFB3T33O3QSGLU4BBA,1309,1,3349.0,670.0,668.5,261.0,1599.5,Medium
AH3ZNJWSAOEWIBD3NFLGHZZOOMIQ,1909,1,1299.0,973.0,668.5,533.0,2174.5,VIP
AH44VG4ASUF7HIFZHFM6WAI4GNQA,1851,1,8349.0,940.0,668.5,156.0,1764.5,High
AH47N5DDNXGCIUMG3NVONJ6SERZA,522,1,649.0,131.5,668.5,716.0,1516.0,Medium
AH4BURHCF5UQFZR4VJQXBEQCTYVQ,1187,1,3499.0,607.0,668.5,256.0,1531.5,Medium
AH4GBZYOUGBQQ2XQQHY6WKQZTIKQ,1052,1,3645.0,511.5,668.5,247.0,1427.0,Medium
AH4LJDHSBLPNJYLQGQ53EQ6DBVZA,1198,2,1498.0,614.0,162.0,484.0,1260.0,Low
AH4QNGP7K2SO6FBWTS4Y274VHV6A,1025,1,499.0,488.0,668.5,783.5,1940.0,High
AH4QT33M55677I7ISQOAKEQWACYQ,1085,3,2532.0,537.5,57.0,331.0,925.5,Low
AH4TEK5IQCC2BSF2KSQNKQEXAPLA,867,3,6077.0,359.0,57.0,192.0,608.0,Low
AH4UFMXJR52M6C4NX7QU4XASBENQ,1085,1,549.0,537.5,668.5,761.5,1967.5,High
AH5G2FWQ6AJBXK2IDCA22BNQTT2A,573,1,539.0,169.5,668.5,766.0,1604.0,Medium
AH5IBUYCUMQE3ZLKBJ3PLWNMXDIQ,1771,1,219.0,898.0,668.5,983.5,2550.0,VIP
AH5JH2QLZDYXTHIDXBBLTDHQUALA,1390,1,1792.0,712.0,668.5,434.0,1814.5,High
AH5JWG7PISZWAT76DY5Y76KRU2OA,514,1,1180.0,125.5,668.5,569.0,1363.0,Medium
AH5MDQC5CNEJHNNNCBFSXIDCO6RQ,962,1,507.0,432.0,668.5,772.0,1872.5,High
AH5Q2T67DWA5P5DG3FGMWEZ2ES3Q,990,2,3459.0,456.0,162.0,259.0,877.0,Low
AH5QCHOEUTDOJFO6UV2CGMZU5SUQ,1815,1,10389.0,923.0,668.5,125.0,1716.5,High
AH5RWQ4S72IVLZD6O75OPCFIVDXQ,1612,1,199.0,823.0,668.5,1007.0,2498.5,VIP
AH5VFMT4UVRW3RSEXEPXBDEGWBSQ,820,1,2449.0,327.0,668.5,343.0,1338.5,Medium
AH5VLM66SIK7J3IRG4NY7XVOQ55A,1172,1,199.0,599.5,668.5,1007.0,2275.0,VIP
AH5WOB4H6TNTIVWLGHXDBTVBKZ3Q,1989,1,699.0,1017.0,668.5,695.0,2380.5,VIP
AH62QNZEYJYC6LNXAJ4BXL6JZZEQ,1140,1,279.0,576.5,668.5,932.5,2177.5,VIP
AH6AGSQLLH54UPSZGMXTOGESIEBQ,707,1,199.0,259.5,668.5,1007.0,1935.0,High
AH6CX2UTCOW6LXS74QK3TCQOHRIQ,1112,1,299.0,554.0,668.5,913.5,2136.0,VIP
AH6JPV326WGUKC2J4EGVP3IN6ZLA,498,1,18499.0,108.0,668.5,64.0,840.5,Low
AH6MFUU725GG4KA3XTALSTU2ILHA,376,2,2765.0,18.0,162.0,308.0,488.0,Low
AH6QHRMENKX6PFBXHEVDIWEKJSKA,2101,1,2899.0,1069.0,668.5,297.5,2035.0,High
AH6RQDXZYKAUPNBOYC4NAZERTFOQ,1548,2,22798.0,788.0,162.0,46.0,996.0,Low
AH6RSKPDRXTY7FU32MGPKOFN4PAQ,1324,1,699.0,681.0,668.5,695.0,2044.5,High
AH6VDJLLPBXKCWXMLBKMBCQ2ESGA,2149,1,399.0,1091.0,668.5,831.5,2591.0,VIP
AH725ST5NW2Y4JZPKUNTIJCUK2BA,1967,3,16117.0,1007.0,57.0,75.0,1139.0,Low
AH77IQRYD54XCRMCO7XEAIAYCLPA,937,3,1861.0,415.5,57.0,411.0,883.5,Low
AH7GOHZT6M5G6ELWPDTVZVKRZ7ZA,1551,1,299.0,789.5,668.5,913.5,2371.5,VIP
AH7J7BCTWAMK2REWT4AMA2V5DPUQ,379,1,299.0,21.5,668.5,913.5,1603.5,Medium
AH7UKBIDDPO4XM2ZIT5IFSGEAIDA,942,1,2499.0,423.0,668.5,335.5,1427.0,Medium
AHA2QGFQYDUQ57OW7ATIM3QVTIIA,707,1,549.0,259.5,668.5,761.5,1689.5,Medium
AHA46ZPX4RCAEYAPE2XW7RQES5IA,1613,1,272.0,824.5,668.5,937.0,2430.0,VIP
AHAEBXTXQDY355AGFMFX3Z2VAAUQ,528,1,6499.0,135.0,668.5,182.0,985.5,Low
AHAI6EM7F7W3GV3SUIDSKWTBJOSA,1542,1,265.0,786.0,668.5,944.0,2398.5,VIP
AHAIKXSSOQ7R5GBPVSBR6VE72QVQ,438,1,279.0,63.0,668.5,932.5,1664.0,Medium
AHATM4XWKOTU6FWTFVAS5TP6X2VQ,697,1,2088.0,252.0,668.5,380.0,1300.5,Medium
AHB43CZ4RHLJ5S6CBOWX6MEI7J4Q,1052,1,349.0,511.5,668.5,877.0,2057.0,High
AHBAT6VLOXWGYDL57KHCNCLPXAKA,1613,3,713.0,824.5,57.0,687.0,1568.5,Medium
AHBAU2TXR72GFAVHGD4E7OTABKDA,915,1,664.0,397.5,668.5,708.5,1774.5,High
AHBMHE56M3IAD7Z4KXUKREAZX3WQ,1601,1,32999.0,819.5,668.5,22.0,1510.0,Medium
AHBMZRY43T2GTYDVNFMUVASIBTPA,916,2,21548.0,399.5,162.0,49.0,610.5,Low
AHBNKB74LGTYUOKPAJBSKNFV45CA,1740,1,15490.0,879.0,668.5,84.0,1631.5,Medium
AHBST4ZJ5665DV2TCR4W4J2OI3DA,1332,2,4468.0,684.5,162.0,223.0,1069.5,Low
AHC7MPW55DOO6WNCOQVA2VHOD26A,1149,1,970.0,584.5,668.5,616.0,1869.0,High
AHCA5SEFUQQWPNVIGU2QCAWNMDKA,1765,1,1329.0,893.0,668.5,524.0,2085.5,VIP
AHCG74BCEDINDMRYYF2QPYY3OHJQ,998,1,10499.0,463.0,668.5,122.5,1254.0,Low
AHCGV72I3RKXOSSUNK3SQOB677NA,1095,1,299.0,543.0,668.5,913.5,2125.0,VIP
AHCJ2GWM5V4XDOBLR4UU2RV4ERKA,2026,1,125.0,1029.0,668.5,1068.0,2765.5,VIP
AHCTC6ULH4XB6YHDY6PCH2R772LQ,443,5,20457.0,65.0,8.5,53.0,126.5,Low
AHCWRQHRUAVMTMUH5NYNB3P4NWEA,713,2,397.0,264.0,162.0,843.5,1269.5,Low
AHCYM2ECKI2MNOIDHDG4PT6IIN6A,668,2,46348.0,236.0,162.0,9.0,407.0,Low
AHD5PGE5RBBE2T3G427T32V7OROA,472,1,176.63,84.5,668.5,1037.5,1790.5,High
AHDC2HUUNEL6GRJRX5TTOVKITONQ,1334,1,478.0,687.0,668.5,799.0,2154.5,VIP
AHDD7ZNB47QA2JLYU53HD4ML3VNQ,1072,2,9147.0,530.5,162.0,139.0,831.5,Low
AHDFR3PDKEBV72HXRL3RJJLS3YYA,1076,2,698.0,534.5,162.0,701.5,1398.0,Medium
AHDIDVECFGA6OQRNUBPUO6366UGQ,1463,2,917.0,750.0,162.0,627.0,1539.0,Medium
AHDJJLKORMH72SSEBWOVAKE66EHA,1920,1,1799.0,980.0,668.5,424.5,2073.0,VIP
AHDMHAUOY75NWLNOF3X4UPNKXFSQ,2080,1,16999.0,1054.0,668.5,69.0,1791.5,High
AHDNBCY5WEIZQ2ETHEL72TPHNGVQ,498,1,455.0,108.0,668.5,804.5,1581.0,Medium
AHDY3KBEOCPCYVEOYWZEYYPHAMUA,499,1,499.0,112.0,668.5,783.5,1564.0,Medium
AHE2QUNIF2AZCEMTCYWKMFNEWDCQ,1036,1,635.0,496.5,668.5,724.0,1889.0,High
AHE76XQSOLGOP5ZEKTIW6KUPDWBQ,1241,1,179.0,645.0,668.5,1032.5,2346.0,VIP
AHEBPCKZFBKQMB6FXQLRP72OG4ZQ,1603,1,6299.0,821.0,668.5,185.5,1675.0,Medium
AHEGXONYVJHACY73DVEU4O5AH4SA,1400,1,3199.0,719.0,668.5,275.0,1662.5,Medium
AHEHBCTR33JSVI4LYVXGDRE7E6UQ,1314,1,1049.0,672.0,668.5,592.5,1933.0,High
AHEIPXMFMVWHNPLGUXUIV5XNP2SA,1655,1,11990.0,843.0,668.5,115.0,1626.5,Medium
AHEJW5MYVFOQBEXD6BIUBB3PJBPQ,1628,1,1499.0,831.0,668.5,477.0,1976.5,High
AHEONKS6KOZ4SIOZNOLYFGQBXU4A,975,1,429.0,446.5,668.5,815.0,1930.0,High
AHESCOYXLCXB56F4JO45X4CZQCYA,1746,1,149.0,882.0,668.5,1053.5,2604.0,VIP
AHEVO4Q5NM4YXMG2HDDXC5XMBGRQ,599,2,1937.0,183.0,162.0,403.5,748.5,Low
AHEVOBT5PFXMIS5A7GAXRG52XARQ,682,2,18997.0,239.5,162.0,63.0,464.5,Low
AHEVOQADJSSRX7DS325HSFLMP7VQ,555,2,2148.0,157.0,162.0,375.0,694.0,Low
AHEXJDFOBBLZVPEDL32XHOAEZ2ZA,1129,1,1189.0,566.0,668.5,568.0,1802.5,High
AHEXPGZ2QS4MXA5LDPULZPVLYBSA,1030,1,1490.0,492.5,668.5,486.5,1647.5,Medium
AHF4A3ZGP7G6JLXAAJ77O2QDJSEQ,1132,1,599.0,570.0,668.5,738.5,1977.0,High
AHFAAPSY2MJ5HYOU2VQDJ7AQY4NQ,754,3,4431.0,289.0,57.0,225.0,571.0,Low
AHFENRYJG4LPXDTUGEMG335VICSQ,514,1,2999.0,125.5,668.5,288.0,1082.0,Low
AHFHIY2KE5PQIJ6H7PKV6N7OLIZA,932,2,1798.0,407.5,162.0,433.0,1002.5,Low
AHFITGJEF76CXALJZLYP6OIC4EOA,1597,1,349.0,814.0,668.5,877.0,2359.5,VIP
AHFQGP45QKIEFKYOCYUH4DP63XGQ,805,1,598.0,314.5,668.5,747.0,1730.0,High
AHFT6MCOAFZXAUNCYQYPBI7YYF4A,1039,1,235.0,499.0,668.5,970.0,2137.5,VIP
AHFTFGF2YB5ZEUB3NC3KOBGZBG5Q,1374,1,1499.0,703.0,668.5,477.0,1848.5,High
AHFVYKQ2L4PSG4EKGA4GLQKQT2NA,1680,1,399.0,853.0,668.5,831.5,2353.0,VIP
AHFXY4LR6WSLCD65WDSXNI3FXMIQ,970,1,3799.0,438.5,668.5,239.5,1346.5,Medium
AHG274KYTUFW4U6M4Q3RXSY3PFLA,1315,1,999.0,673.5,668.5,602.0,1944.0,High
AHGA46UDDADBRAB5FOHX6XY2DBVQ,2053,1,2499.0,1042.0,668.5,335.5,2046.0,High
AHGFA5MNVOFDMIL3322YZ6IOA5VA,1485,1,7915.0,764.0,668.5,162.0,1594.5,Medium
AHGHFJXREBY4F2LI3M6SFLSWC75Q,1430,1,160.0,737.0,668.5,1042.0,2447.5,VIP
AHGI6HOOKQ4KIORVS3SSRROYIXLQ,887,1,3180.0,375.0,668.5,280.0,1323.5,Medium
AHGJ2DNFP3OJWO73XW2R7TDXI7WA,366,3,7997.0,9.0,57.0,160.0,226.0,Low
AHGYEGAWBMQGOITR2ZFR7SFSWLGA,1384,1,669.0,708.5,668.5,706.0,2083.0,VIP
AHH2JUMVFGEUJXW5SFUOAIRZBVJQ,379,1,1099.0,21.5,668.5,580.0,1270.0,Low
AHH2TIJJ2IGD5H3DJO3FROUHRRSQ,1061,1,1499.0,521.0,668.5,477.0,1666.5,Medium
AHHE2EJE6HYXFVTGS6KJ37YP3K2A,1698,1,27900.0,866.5,668.5,36.0,1571.0,Medium
AHHGEASO3BOC2ET23MDU64DKQ5OQ,2055,1,249.0,1043.5,668.5,957.5,2669.5,VIP
AHHHCRWKGCWA2BR7WNSBRHPS24JA,1877,1,1614.0,957.5,668.5,454.0,2080.0,VIP
AHHQEKUNVETALN7DTRHUQ2WAWEKQ,1163,3,19217.0,595.0,57.0,60.0,712.0,Low
AHHT4VWMFYSASNW6RH2Q65C6YNDA,937,1,571.0,415.5,668.5,754.0,1838.0,High
AHI2QJ4CLTCQWACDIC2LDFJPDAPA,357,1,399.0,1.0,668.5,831.5,1501.0,Medium
AHICHCW6EC3BNV2IDAEAJPBG4HZQ,1819,1,20990.0,924.0,668.5,52.0,1644.5,Medium
AHIH3QL5XONYJWEXF7VKLFHZBDJA,434,3,8393.0,61.0,57.0,155.0,273.0,Low
AHIKJUDTVJ4T6DV6IUGFYZ5LXMPA,531,5,6265.0,138.5,8.5,187.0,334.0,Low
AHILALAA7Q6SQRTFJVLT75P37FXQ,1968,1,1599.0,1008.0,668.5,459.5,2136.0,VIP
AHIMDVA5GYWGVLVSZBG3ZFVKF5VA,907,1,449.0,390.5,668.5,809.5,1868.5,High
AHIWCPCQ2Z4HWEM7V4HGTLVZQM6Q,537,1,7390.0,143.0,668.5,167.0,978.5,Low
AHIWNZ2HBQAHVE4OWODM6WH4PMOQ,542,3,2835.0,147.5,57.0,300.0,504.5,Low
AHIWSTMUSIYZAZQAMOLMPJHR7NMA,1356,1,209.0,697.0,668.5,991.5,2357.0,VIP
AHJ7INNUX3KZSEZRJKFMRJAX7TZA,1450,1,20999.0,747.0,668.5,51.0,1466.5,Medium
AHJ7V4RXBRFQB2OARDFFSNWHNIRQ,991,1,999.0,457.0,668.5,602.0,1727.5,High
AHJB3PWCLPLMFBNCOPP5AM3TSXOQ,947,1,599.0,425.5,668.5,738.5,1832.5,High
AHJBBVKQXUKF5QSQASCVFPWQGSTA,1190,1,1399.0,611.0,668.5,507.5,1787.0,High
AHJCBBMUJWQGUJTT477TQ75ZTYNQ,722,1,549.0,268.5,668.5,761.5,1698.5,Medium
AHJF5BZJNDLXJXSW74ZPLHGO7GUA,510,2,8998.0,121.0,162.0,143.0,426.0,Low
AHJFTFOH2F6NXLGSEFSVCLQQLTZA,1424,1,1599.0,731.0,668.5,459.5,1859.0,High
AHJFXFGDAXEHIG2ZLUWVMZ3LWPBA,705,1,37999.0,256.0,668.5,12.0,936.5,Low
AHJHV3JIPUMAT274GIFQKJPKXNMA,360,1,6800.0,4.0,668.5,177.0,849.5,Low
AHJK4PVBRGDX4N5LYA4EKHULJOPQ,1182,1,399.0,603.0,668.5,831.5,2103.0,VIP
AHJSNMHQQWE6LMFRATH5LLJBQQXQ,1144,2,1298.0,582.5,162.0,538.0,1282.5,Medium
AHK4GT7INMZPE5QFGOPVQPQWOCHA,781,1,260.0,301.0,668.5,946.0,1915.5,High
AHKEHV7YSGK2ZCMEUQYS6LJNURKA,1925,1,249.0,982.5,668.5,957.5,2608.5,VIP
AHKL2U5BIK4ZODWORRJ5RWNLL2TQ,1764,1,12999.0,892.0,668.5,105.0,1665.5,Medium
AHKTEC7ZVRWNAA66KB3V5REUQG6A,1055,1,1699.0,516.5,668.5,440.0,1625.0,Medium
AHKU2XWNLBBW2KOKNZIHMUNHUIXQ,511,1,1656.0,122.0,668.5,449.0,1239.5,Low
AHKUUFNMBZIDLSSPA4FEHIO2EC7Q,1321,1,59.0,679.0,668.5,1097.5,2445.0,VIP
AHKXH7KSF7CPJCJMHB6B35VPTETA,2167,1,219.0,1099.0,668.5,983.5,2751.0,VIP
AHKZN2KHHR7CQWCGJDX26C5TBHXQ,816,1,95.0,325.5,668.5,1087.0,2081.0,VIP
AHL2CPZ63TFC3VB3RUVZVPFC2YZA,1888,2,5698.0,961.5,162.0,200.0,1323.5,Medium
AHLCFOXSW7PKG6NWJAYZXJJBHCPQ,2033,1,14400.0,1031.0,668.5,90.0,1789.5,High
AHLCHZOJ35AVEE6DYVVH6XR5D2MQ,888,1,6499.0,376.5,668.5,182.0,1227.0,Low
AHLF25KDQCPPRDIZCBICU5XG7ECQ,1474,1,2148.0,759.5,668.5,375.0,1803.0,High
AHLGDWS4WYSZUEJTU2Y67QSUHV6A,614,1,799.0,194.0,668.5,659.0,1521.5,Medium
AHLKQWAPXICPCSCIPIF6C6FOENOQ,622,1,399.0,203.0,668.5,831.5,1703.0,High
AHLOFWN5NO7E32LEZUOVSNQE7IDQ,1219,1,2599.0,630.5,668.5,323.5,1622.5,Medium
AHLZWB73EYRXKYYJMEGIUMTZ7BYQ,1768,1,640.0,896.0,668.5,721.0,2285.5,VIP
AHM56NVJXROPTI5WICZITI4YAZAA,625,1,249.0,209.0,668.5,957.5,1835.0,High
AHM5MCT3ZO5Q2MBYZUDB6UI5AXLA,2118,1,8999.0,1074.0,668.5,141.0,1883.5,High
AHMGAC6QM62UXNEOCZIHLHSXPP2Q,461,5,6496.0,76.0,8.5,184.0,268.5,Low
AHMHM5EFODDANIMBHGM2T74BEJHA,1958,1,184.0,1000.5,668.5,1028.0,2697.0,VIP
AHMJ5EEDULQII3FGSNR7PSHQABVA,884,1,139.0,370.5,668.5,1059.0,2098.0,VIP
AHMJ5HV6F5PZFFLBC4NQ7JCHYA6A,1124,1,899.0,563.0,668.5,634.0,1865.5,High
AHMKSLALVS62JUHSHAI3FUXWDYYA,927,3,9552.0,405.0,57.0,133.0,595.0,Low
AHMKXORT3VNMB75C3EUBYMFYELFQ,454,2,638.0,72.5,162.0,722.0,956.5,Low
AHMURR4YBS77BA3QJ43PBIRDLLSA,683,1,629.0,241.5,668.5,725.0,1635.0,Medium
AHMY5CWJMMK5BJRBBSNLYT3ONILA,362,5,5520.0,6.0,8.5,203.0,217.5,Low
AHN73IF2MNKIJ2MEMND5ODN7XDFA,1425,1,399.0,732.5,668.5,831.5,2232.5,VIP
AHNAIWL3HMBBFWPLJWSHF5XIGJLQ,2078,1,67.0,1051.0,668.5,1095.0,2814.5,VIP
AHNCIGFMABVRKLCNTAARDL6N25NA,1079,1,368.0,536.0,668.5,862.5,2067.0,VIP
AHNI4LKKPLQLDFCWJZ24SX4BGT7Q,1373,1,599.0,702.0,668.5,738.5,2109.0,VIP
AHNM2XVU745EDPNGUOAG74PTSNRA,1878,1,6999.0,959.0,668.5,173.5,1801.0,High
AHNNGQDCQ6UGEBUXIL35RRKQKZZA,834,1,1982.84,335.0,668.5,401.0,1404.5,Medium
AHNO42W4KBB6YAKX3VZKVCLI67DQ,1975,1,2695.0,1010.0,668.5,317.0,1995.5,High
AHNOMOD65QU6QKFP3AMH5QPGQO6A,1716,2,3298.0,869.0,162.0,267.0,1298.0,Medium
AHOEADKKYXTHETSA2WOA6N4MQEVA,1594,1,165.0,812.0,668.5,1041.0,2521.5,VIP
AHOJBIZVVIIFJKRREY4B6ESVA4KA,1062,3,2201.0,523.0,57.0,366.0,946.0,Low
AHOMYGLSLJLCOT7Z24PZSVJY3LJQ,898,2,9689.0,381.0,162.0,132.0,675.0,Low
AHONIZU3ICIEHQIGQ6R2VFRSBXOQ,549,3,952.0,152.0,57.0,619.0,828.0,Low
AHOTORDSGF2IWSGTMZVAX56B77IQ,1233,1,699.0,638.5,668.5,695.0,2002.0,High
AHOURK4XKLPPC4VHEDJ25NP64NPQ,1216,2,17328.0,627.0,162.0,67.0,856.0,Low
AHP24JLRZ2DTLBEX22A6DVUJDSBA,686,1,197.0,243.5,668.5,1021.0,1933.0,High
AHP5XVXHFNOISFJBZ3NQX75EC5QA,2061,1,1199.0,1045.5,668.5,558.0,2272.0,VIP
AHPAC3MT3XXV27WWU7U5AN7RLCXQ,746,1,799.0,284.0,668.5,659.0,1611.5,Medium
AHPAW24BI5X2GCX5M2LHI72VSJJQ,615,3,9197.0,195.0,57.0,138.0,390.0,Low
AHPDFQLNLMNV5X4QNH6J7IUMREAQ,632,2,4956.66,215.0,162.0,214.0,591.0,Low
AHPDJNXQO6ET2TFU5L52BHLTRY4Q,1587,1,4999.0,810.0,668.5,211.0,1689.5,Medium
AHPG3AAPVL7HKSID4IPJ5MDAMAJA,1045,1,587.0,506.0,668.5,750.0,1924.5,High
AHPJLCH4PJJ5CD53KTXAAXRLV4ZQ,752,1,229.0,288.0,668.5,976.5,1933.0,High
AHPVTM2FDYB3YW3MXB523JWJTLQA,1908,1,1399.0,972.0,668.5,507.5,2148.0,VIP
AHPYAYHRORO3DMJ7DSUHSGSBLDBQ,973,1,179.0,444.0,668.5,1032.5,2145.0,VIP
AHPZFIJWLON23LU5RFVBJO4BNM7Q,1891,1,178.0,964.0,668.5,1036.0,2668.5,VIP
AHQC27SWWMUOTO3W7NGIG7KPX2AQ,383,1,970.0,27.5,668.5,616.0,1312.0,Medium
AHQCJNQP36RHELFJEJ67R6KZ76CQ,1827,1,1474.0,930.0,668.5,489.0,2087.5,VIP
AHQKC4MLLVOPBTKJFDBGTXFRKLYQ,1791,2,2438.0,910.0,162.0,346.0,1418.0,Medium
AHQNYNRXESALGWMUFS6ITFGOVGMQ,1788,1,249.0,908.0,668.5,957.5,2534.0,VIP
AHQPBXZSJ3XZILPJVXE4BN7ZL26A,769,2,578.0,295.0,162.0,752.0,1209.0,Low
AHQVFZCGAMMHEBBOY4SXBSRF3ZDQ,1758,1,329.0,890.0,668.5,895.0,2453.5,VIP
AHQWAOSKNRUVK7GN5FZJL3UYLV2A,625,1,90.0,209.0,668.5,1088.5,1966.0,High
AHR35WVPGLH745QHWRWEJ2WZTTDA,2080,1,2599.0,1054.0,668.5,323.5,2046.0,High
AHR4VQLVSWORK3A35U3QA6IOEEBA,1683,1,2799.0,856.5,668.5,303.0,1828.0,High
AHR735YWWYFTQI5VGEEYP3DZPB6Q,484,1,173.0,94.0,668.5,1039.0,1801.5,High
AHRMZ6CNNUQLTLK7V4NXSXQSUOPQ,1071,1,3199.0,528.0,668.5,275.0,1471.5,Medium
AHRUMHBZ7IAQPLH4W5Y3A6HLQFVA,2084,1,2699.0,1060.5,668.5,313.0,2042.0,High
AHS7DI2FACP3P3FNVH7263NLW2TA,1626,1,35999.0,829.0,668.5,15.0,1512.5,Medium
AHSDVZ3ZSHUMFGDLVVGATDIWKHTA,1149,1,8699.0,584.5,668.5,146.0,1399.0,Medium
AHSESHUAGEFQ62M3KYV3EK5K77FQ,1669,1,4098.0,846.0,668.5,228.0,1742.5,High
AHSIQL276K7X2UP72QOOOWNVRSXA,902,1,299.0,387.0,668.5,913.5,1969.0,High
AHSN2AJ6A7NQLUJMH7YBD6WG7L5Q,771,1,849.0,296.0,668.5,645.5,1610.0,Medium
AHSQNNZHM5HQAGN5EY2JJAA3EWGQ,1273,2,4798.0,658.0,162.0,216.0,1036.0,Low
AHSUJTBY4LOJ4QCAXODSHFIFYEHA,637,1,1745.0,219.0,668.5,436.0,1323.5,Medium
AHT4JDEYWRIQGCA2WAQJ6E2POHCQ,1916,1,273.1,976.5,668.5,936.0,2581.0,VIP
AHTBS46SCEBGWK4SUH3FOQEORR3Q,939,1,199.0,420.0,668.5,1007.0,2095.5,VIP
AHTHJF5RGJRHAKXOHA6Q2ZFKXOWA,910,1,778.0,394.5,668.5,672.0,1735.0,High
AHTI2CPD7SANQV7GK4FHIKCWJ7VA,1616,1,449.0,826.0,668.5,809.5,2304.0,VIP
AHTJBJPYGGEWZQWQT7QJT2DPN7ZQ,1245,1,1199.0,647.0,668.5,558.0,1873.5,High
AHTPQRIMGUD4BYR5YIHBH3CCGEFQ,509,1,199.0,120.0,668.5,1007.0,1795.5,High
AHTSVFP4GVBBXB6O7JU5FW3NXEJA,504,1,649.0,117.0,668.5,716.0,1501.5,Medium
AHTSXQI7JAQVYVVQE6DK4B2EJSPQ,854,1,249.0,348.0,668.5,957.5,1974.0,High
AHTWP7R2AL6U4QIX73CNJ7Y7BBDQ,1507,1,949.0,774.5,668.5,621.5,2064.5,VIP
AHU4FNYTFWSGG5TMN53LED2U7X2Q,1596,1,179.0,813.0,668.5,1032.5,2514.0,VIP
AHUADIC4LFJHXZK3ZUCM5GZHP7NA,939,1,1299.0,420.0,668.5,533.0,1621.5,Medium
AHUAVHWF66PF66YDJXGRXJASHYUQ,1726,1,308.0,876.0,668.5,902.0,2446.5,VIP
AHUELVJPFM3FEIMF2DE7OTNQD5VQ,1134,1,799.0,571.5,668.5,659.0,1899.0,High
AHUH7OYN3LAUATF5EGA575WCDI6A,909,1,199.0,392.5,668.5,1007.0,2068.0,VIP
AHUJ3IACIKHRFAYWD3TAKH3SXKZA,625,1,5799.0,209.0,668.5,198.0,1075.5,Low
AHUJZOV34DFEN55QQ5XOYKVKHV6Q,1254,2,2398.0,650.0,162.0,349.0,1161.0,Low
AHUKYUWRUVRTB3IQGISXWTSPAWLQ,1683,1,325.0,856.5,668.5,898.0,2423.0,VIP
AHUVYZMQ6PWI54UXP7SLLS4ZU46A,831,1,137.0,333.0,668.5,1062.0,2063.5,High
AHV3ELGDSOWBYUQLXSPDCSHBQRHQ,1858,2,1683.0,947.5,162.0,445.0,1554.5,Medium
AHV3TXIFCJPMS4D5JATCEUR266MQ,724,3,25738.0,271.0,57.0,40.0,368.0,Low
AHVGMS3MGWLQZG2IR34ENSS4UX4Q,1112,1,1110.0,554.0,668.5,575.0,1797.5,High
AHVKJVDTF5KCHA5NBPFC7QJAMHJQ,484,2,667.0,94.0,162.0,707.0,963.0,Low
AHVS66CFEP5AXDC35N4ME4SU4X5Q,2130,1,59.0,1080.5,668.5,1097.5,2846.5,VIP
AHVTFTBEBRRJCG72ZG7ABDNQSAOA,2162,1,1299.0,1096.5,668.5,533.0,2298.0,VIP
AHVZCQP5SYIVGZJK4LRP55ZXWETA,1129,1,120.0,566.0,668.5,1069.5,2304.0,VIP
AHW3QBHDOUMXODZ4EAMHD5JMDIDQ,2088,1,195.0,1063.0,668.5,1022.0,2753.5,VIP
AHW52L6QGPO7TTN7LC3B5JVJNRDQ,1086,1,5599.0,539.0,668.5,201.0,1408.5,Medium
AHW6E5LQ2BDYOIVLAJGDH45J5V5Q,999,2,1831.0,464.5,162.0,413.0,1039.5,Low
AHW6UBYJXSPOMQVGP74VQ74BO55Q,807,1,329.0,318.0,668.5,895.0,1881.5,High
AHWB25RGISH5XJ2YQCR4J6FDBPOQ,1551,1,15490.0,789.5,668.5,84.0,1542.0,Medium
AHWBGFXMQMPMLIRTEOZC23QT2FWQ,1900,1,600.0,967.0,668.5,730.5,2366.0,VIP
AHWCWBYXHX4QO7ZOFUYIUFTTAJIQ,2091,1,16499.0,1066.0,668.5,71.5,1806.0,High
AHWDVB4OO4S3YS5RYQZIDBNV6BUQ,404,1,637.0,42.0,668.5,723.0,1433.5,Medium
AHWENSYYF2QDH3EX4REMVGBEMMLQ,1212,1,799.0,624.0,668.5,659.0,1951.5,High
AHWKKP3N725TNVCGAS3RDM5MNAJQ,2046,1,899.0,1038.0,668.5,634.0,2340.5,VIP
AHWMHRT7TOMXLYI3XYM4K4OY3NEQ,523,1,15490.0,133.0,668.5,84.0,885.5,Low
AHWVEHR5DYLVFTO2KF3IZATFQSWQ,2032,3,1023.0,1030.0,57.0,595.0,1682.0,Medium
AHWVJOF4IVRKFY6RJRSBQ2L6ZXQA,864,1,721.0,357.0,668.5,684.0,1709.5,High
AHWY6IG3PXBBJMLVFMHHKM25BVCQ,671,3,1662.0,237.0,57.0,448.0,742.0,Low
AHX27HPT4SMOSCOOEJKZYKUIWN2A,1761,1,2599.0,891.0,668.5,323.5,1883.0,High
AHX37NMZHULN3JJW4ULDOJ2RWYUA,1698,1,2599.0,866.5,668.5,323.5,1858.5,High
AHX6DQRYIJWTTXZ22B35O624OAYQ,726,1,899.0,273.0,668.5,634.0,1575.5,Medium
AHXA44TFJADWFEA3DHLJWVUKZVDQ,498,1,2464.0,108.0,668.5,341.5,1118.0,Low
AHXAYZML25KY3YMOTME234UUGWXQ,1651,1,218.0,839.0,668.5,986.0,2493.5,VIP
AHXCS37DGQHLE7RFQHFYPWGXZICQ,382,1,719.0,26.0,668.5,685.0,1379.5,Medium
AHXCZCBKCKFAOJJ2GOCQS3OKPQOQ,1600,1,1519.0,818.0,668.5,467.5,1954.0,High
AHXNYKCNRYNZPT4HEFZT6JUXRDOA,812,1,2699.0,322.5,668.5,313.0,1304.0,Medium
AHXYETFF4XMSAI4VAHP24XL5SSTA,2042,1,279.0,1035.0,668.5,932.5,2636.0,VIP
AHY3QEA3CVS57POB64VVMQSPHHHA,1071,1,1995.0,528.0,668.5,396.0,1592.5,Medium
AHY62YAUHMMGFKSBGCECVGKXY2UQ,1990,1,281.0,1018.0,668.5,929.0,2615.5,VIP
AHY6AK5LXBTGXDDXSU57ISMDW55Q,1668,1,939.0,845.0,668.5,625.0,2138.5,VIP
AHY6R6FREC2FHKQYBVIBR3XJKPVA,2001,1,69.0,1021.5,668.5,1094.0,2784.0,VIP
AHYDC5KBSNP2LD5ZV5SXO3CQSCDQ,2143,1,8499.0,1088.0,668.5,150.0,1906.5,High
AHYHIMJX4LAYXAK6QRQ62U7GPDVA,1453,1,1130.0,748.0,668.5,574.0,1990.5,High
AHYITN5O5VRJ4GJVYGJW3W6TRM2A,971,2,5594.0,440.5,162.0,202.0,804.5,Low
AHYNWZDQUEHA3LHM2UGWGPEF5RZQ,904,1,1199.0,388.5,668.5,558.0,1615.0,Medium
AHYTRVWVQPG2TVM4E45YUD2753AA,1469,1,3599.0,754.0,668.5,249.5,1672.0,Medium
AHYUM6XUA4K6V4QEAPT5MLQQIDPA,2089,1,1075.0,1064.0,668.5,588.0,2320.5,VIP
AHYUZ2BLKNN6UJLFYWCXCEFZTOVQ,529,2,15498.0,136.5,162.0,82.0,380.5,Low
AHYXZVXUY3QTBP7IBFIUBSZVH2XQ,1154,2,27448.0,588.5,162.0,38.0,788.5,Low
AHZ4UBDUCUMY6IGCR67LB4P5RBXA,1899,1,46999.0,966.0,668.5,8.0,1642.5,Medium
AHZ735URYHBXW26225HDL7K7OB7Q,1156,1,8886.0,591.0,668.5,144.0,1403.5,Medium
AHZNT25EKPGFYYUQOSYG7E5M7WRQ,1187,1,1199.0,607.0,668.5,558.0,1833.5,High
AHZWJCVEIEI76H2VGMUSN5D735IQ,1361,1,1249.0,698.0,668.5,544.0,1910.5,High
